biblioteca,nombre_en_el_explorador,grupo,fecha,num_session,entradas,entradas_biblioteca,sesiones_biblioteca
Discursos principales (1931-1945),Discursos principales (1931-1945),discursos,1931-08-27,28,1,29,19
Discursos principales (1931-1945),Discursos principales (1931-1945),discursos,1931-09-18,41,1,29,19
Discursos principales (1931-1945),Discursos principales (1931-1945),discursos,1931-10-01,48,2,29,19
Discursos principales (1931-1945),Discursos principales (1931-1945),discursos,1931-10-08,52,1,29,19
Discursos principales (1931-1945),Discursos principales (1931-1945),discursos,1931-10-10,54,1,29,19
Discursos principales (1931-1945),Discursos principales (1931-1945),discursos,1931-10-13,55,1,29,19
Discursos principales (1931-1945),Discursos principales (1931-1945),discursos,1932-03-09,132,1,29,19
Discursos principales (1931-1945),Discursos principales (1931-1945),discursos,1932-05-13,165,1,29,19
Discursos principales (1931-1945),Discursos principales (1931-1945),discursos,1932-05-27,173,2,29,19
Discursos principales (1931-1945),Discursos principales (1931-1945),discursos,1933-02-02,288,2,29,19
Discursos principales (1931-1945),Discursos principales (1931-1945),discursos,1935-03-20,173,1,29,19
Discursos principales (1931-1945),Discursos principales (1931-1945),discursos,1936-04-07,15,1,29,19
Discursos principales (1931-1945),Discursos principales (1931-1945),discursos,1936-06-16,45,4,29,19
Discursos principales (1931-1945),Discursos principales (1931-1945),discursos,1937-10-01,64,3,29,19
Discursos principales (1931-1945),Discursos principales (1931-1945),discursos,1938-02-01,66,2,29,19
Discursos principales (1931-1945),Discursos principales (1931-1945),discursos,1938-09-30,67,1,29,19
Discursos principales (1931-1945),Discursos principales (1931-1945),discursos,1939-02-01,69,1,29,19
Discursos principales (1931-1945),Discursos principales (1931-1945),discursos,1945-11-07,72,1,29,19
Discursos principales (1931-1945),Discursos principales (1931-1945),discursos,1945-11-08,73,2,29,19
La Cámara se constituye (1931),Debate · La Cámara se constituye (1931),debates,1931-07-14,1,10,676,6
La Cámara se constituye (1931),Debate · La Cámara se constituye (1931),debates,1931-07-18,3,360,676,6
La Cámara se constituye (1931),Debate · La Cámara se constituye (1931),debates,1931-07-27,9,55,676,6
La Cámara se constituye (1931),Debate · La Cámara se constituye (1931),debates,1931-07-28,10,94,676,6
La Cámara se constituye (1931),Debate · La Cámara se constituye (1931),debates,1931-07-29,11,109,676,6
La Cámara se constituye (1931),Debate · La Cámara se constituye (1931),debates,1931-07-30,12,48,676,6
La Constitución de 1931,Debate · La Constitución de 1931,debates,1931-08-27,28,57,332,4
La Constitución de 1931,Debate · La Constitución de 1931,debates,1931-09-04,33,52,332,4
La Constitución de 1931,Debate · La Constitución de 1931,debates,1931-09-18,41,139,332,4
La Constitución de 1931,Debate · La Constitución de 1931,debates,1931-12-09,88,84,332,4
Sufragio femenino,Debate · Sufragio femenino,debates,1931-09-30,47,375,770,2
Sufragio femenino,Debate · Sufragio femenino,debates,1931-10-01,48,395,770,2
Cuestión religiosa (art. 26),Debate · Cuestión religiosa (art. 26),debates,1931-10-08,52,39,486,4
Cuestión religiosa (art. 26),Debate · Cuestión religiosa (art. 26),debates,1931-10-10,54,44,486,4
Cuestión religiosa (art. 26),Debate · Cuestión religiosa (art. 26),debates,1931-10-13,55,380,486,4
Cuestión religiosa (art. 26),Debate · Cuestión religiosa (art. 26),debates,1931-10-14,56,23,486,4
Ley de Defensa de la República,Debate · Ley de Defensa de la República,debates,1931-10-14,56,23,387,3
Ley de Defensa de la República,Debate · Ley de Defensa de la República,debates,1931-10-20,59,194,387,3
Ley de Defensa de la República,Debate · Ley de Defensa de la República,debates,1931-10-21,60,170,387,3
Responsabilidades de Alfonso XIII,Debate · Responsabilidades de Alfonso XIII,debates,1931-11-12,73,71,646,3
Responsabilidades de Alfonso XIII,Debate · Responsabilidades de Alfonso XIII,debates,1931-11-19,77,298,646,3
Responsabilidades de Alfonso XIII,Debate · Responsabilidades de Alfonso XIII,debates,1931-11-26,81,277,646,3
El primer presidente de la República,Debate · El primer presidente de la República,debates,1931-12-10,89,61,126,3
El primer presidente de la República,Debate · El primer presidente de la República,debates,1931-12-15,90,11,126,3
El primer presidente de la República,Debate · El primer presidente de la República,debates,1931-12-17,91,54,126,3
Estatuto de Cataluña,Debate · Estatuto de Cataluña,debates,1932-05-06,161,53,307,6
Estatuto de Cataluña,Debate · Estatuto de Cataluña,debates,1932-05-13,165,53,307,6
Estatuto de Cataluña,Debate · Estatuto de Cataluña,debates,1932-05-26,172,45,307,6
Estatuto de Cataluña,Debate · Estatuto de Cataluña,debates,1932-05-27,173,45,307,6
Estatuto de Cataluña,Debate · Estatuto de Cataluña,debates,1932-06-02,176,40,307,6
Estatuto de Cataluña,Debate · Estatuto de Cataluña,debates,1932-09-09,233,71,307,6
Reforma agraria y Sanjurjada,Debate · Reforma agraria y Sanjurjada,debates,1932-05-10,162,41,4497,47
Reforma agraria y Sanjurjada,Debate · Reforma agraria y Sanjurjada,debates,1932-05-11,163,8,4497,47
Reforma agraria y Sanjurjada,Debate · Reforma agraria y Sanjurjada,debates,1932-05-17,166,28,4497,47
Reforma agraria y Sanjurjada,Debate · Reforma agraria y Sanjurjada,debates,1932-05-18,167,19,4497,47
Reforma agraria y Sanjurjada,Debate · Reforma agraria y Sanjurjada,debates,1932-05-24,170,25,4497,47
Reforma agraria y Sanjurjada,Debate · Reforma agraria y Sanjurjada,debates,1932-05-25,171,22,4497,47
Reforma agraria y Sanjurjada,Debate · Reforma agraria y Sanjurjada,debates,1932-05-31,174,15,4497,47
Reforma agraria y Sanjurjada,Debate · Reforma agraria y Sanjurjada,debates,1932-06-01,175,29,4497,47
Reforma agraria y Sanjurjada,Debate · Reforma agraria y Sanjurjada,debates,1932-06-07,178,33,4497,47
Reforma agraria y Sanjurjada,Debate · Reforma agraria y Sanjurjada,debates,1932-06-08,179,15,4497,47
Reforma agraria y Sanjurjada,Debate · Reforma agraria y Sanjurjada,debates,1932-06-15,183,50,4497,47
Reforma agraria y Sanjurjada,Debate · Reforma agraria y Sanjurjada,debates,1932-06-21,186,16,4497,47
Reforma agraria y Sanjurjada,Debate · Reforma agraria y Sanjurjada,debates,1932-06-22,187,86,4497,47
Reforma agraria y Sanjurjada,Debate · Reforma agraria y Sanjurjada,debates,1932-06-28,190,117,4497,47
Reforma agraria y Sanjurjada,Debate · Reforma agraria y Sanjurjada,debates,1932-06-29,191,68,4497,47
Reforma agraria y Sanjurjada,Debate · Reforma agraria y Sanjurjada,debates,1932-06-30,192,44,4497,47
Reforma agraria y Sanjurjada,Debate · Reforma agraria y Sanjurjada,debates,1932-07-05,194,97,4497,47
Reforma agraria y Sanjurjada,Debate · Reforma agraria y Sanjurjada,debates,1932-07-06,195,67,4497,47
Reforma agraria y Sanjurjada,Debate · Reforma agraria y Sanjurjada,debates,1932-07-07,196,128,4497,47
Reforma agraria y Sanjurjada,Debate · Reforma agraria y Sanjurjada,debates,1932-07-12,198,149,4497,47
Reforma agraria y Sanjurjada,Debate · Reforma agraria y Sanjurjada,debates,1932-07-13,199,84,4497,47
Reforma agraria y Sanjurjada,Debate · Reforma agraria y Sanjurjada,debates,1932-07-14,200,132,4497,47
Reforma agraria y Sanjurjada,Debate · Reforma agraria y Sanjurjada,debates,1932-07-15,201,167,4497,47
Reforma agraria y Sanjurjada,Debate · Reforma agraria y Sanjurjada,debates,1932-07-19,202,124,4497,47
Reforma agraria y Sanjurjada,Debate · Reforma agraria y Sanjurjada,debates,1932-07-21,204,99,4497,47
Reforma agraria y Sanjurjada,Debate · Reforma agraria y Sanjurjada,debates,1932-07-22,205,66,4497,47
Reforma agraria y Sanjurjada,Debate · Reforma agraria y Sanjurjada,debates,1932-07-26,206,229,4497,47
Reforma agraria y Sanjurjada,Debate · Reforma agraria y Sanjurjada,debates,1932-07-27,207,115,4497,47
Reforma agraria y Sanjurjada,Debate · Reforma agraria y Sanjurjada,debates,1932-07-28,208,151,4497,47
Reforma agraria y Sanjurjada,Debate · Reforma agraria y Sanjurjada,debates,1932-08-03,211,162,4497,47
Reforma agraria y Sanjurjada,Debate · Reforma agraria y Sanjurjada,debates,1932-08-04,212,84,4497,47
Reforma agraria y Sanjurjada,Debate · Reforma agraria y Sanjurjada,debates,1932-08-05,213,91,4497,47
Reforma agraria y Sanjurjada,Debate · Reforma agraria y Sanjurjada,debates,1932-08-09,214,154,4497,47
Reforma agraria y Sanjurjada,Debate · Reforma agraria y Sanjurjada,debates,1932-08-10,215,1,4497,47
Reforma agraria y Sanjurjada,Debate · Reforma agraria y Sanjurjada,debates,1932-08-12,217,14,4497,47
Reforma agraria y Sanjurjada,Debate · Reforma agraria y Sanjurjada,debates,1932-08-16,218,60,4497,47
Reforma agraria y Sanjurjada,Debate · Reforma agraria y Sanjurjada,debates,1932-08-17,219,154,4497,47
Reforma agraria y Sanjurjada,Debate · Reforma agraria y Sanjurjada,debates,1932-08-18,220,133,4497,47
Reforma agraria y Sanjurjada,Debate · Reforma agraria y Sanjurjada,debates,1932-08-26,225,319,4497,47
Reforma agraria y Sanjurjada,Debate · Reforma agraria y Sanjurjada,debates,1932-08-30,226,139,4497,47
Reforma agraria y Sanjurjada,Debate · Reforma agraria y Sanjurjada,debates,1932-08-31,227,213,4497,47
Reforma agraria y Sanjurjada,Debate · Reforma agraria y Sanjurjada,debates,1932-09-01,228,46,4497,47
Reforma agraria y Sanjurjada,Debate · Reforma agraria y Sanjurjada,debates,1932-09-02,229,145,4497,47
Reforma agraria y Sanjurjada,Debate · Reforma agraria y Sanjurjada,debates,1932-09-06,230,132,4497,47
Reforma agraria y Sanjurjada,Debate · Reforma agraria y Sanjurjada,debates,1932-09-07,231,278,4497,47
Reforma agraria y Sanjurjada,Debate · Reforma agraria y Sanjurjada,debates,1932-09-08,232,145,4497,47
Reforma agraria y Sanjurjada,Debate · Reforma agraria y Sanjurjada,debates,1932-09-09,233,3,4497,47
Azaña y Lerroux: la ruptura,Debate · Azaña y Lerroux: la ruptura,debates,1932-07-19,202,222,383,3
Azaña y Lerroux: la ruptura,Debate · Azaña y Lerroux: la ruptura,debates,1932-07-20,203,90,383,3
Azaña y Lerroux: la ruptura,Debate · Azaña y Lerroux: la ruptura,debates,1933-02-03,289,71,383,3
Casas Viejas,Debate · Casas Viejas,debates,1933-02-01,287,81,943,9
Casas Viejas,Debate · Casas Viejas,debates,1933-02-02,288,156,943,9
Casas Viejas,Debate · Casas Viejas,debates,1933-02-03,289,71,943,9
Casas Viejas,Debate · Casas Viejas,debates,1933-02-23,300,95,943,9
Casas Viejas,Debate · Casas Viejas,debates,1933-02-24,301,123,943,9
Casas Viejas,Debate · Casas Viejas,debates,1933-03-02,304,87,943,9
Casas Viejas,Debate · Casas Viejas,debates,1933-03-03,305,160,943,9
Casas Viejas,Debate · Casas Viejas,debates,1933-03-07,306,59,943,9
Casas Viejas,Debate · Casas Viejas,debates,1933-03-16,312,111,943,9
Ley Electoral de 1933,Debate · Ley Electoral de 1933,debates,1933-07-04,364,111,482,3
Ley Electoral de 1933,Debate · Ley Electoral de 1933,debates,1933-07-05,365,209,482,3
Ley Electoral de 1933,Debate · Ley Electoral de 1933,debates,1933-07-06,366,162,482,3
El final de las Constituyentes,Debate · El final de las Constituyentes,debates,1933-10-02,404,33,152,2
El final de las Constituyentes,Debate · El final de las Constituyentes,debates,1933-10-03,405,119,152,2
Las Cortes de 1933 se estrenan,Debate · Las Cortes de 1933 se estrenan,debates,1933-12-08,1,13,273,5
Las Cortes de 1933 se estrenan,Debate · Las Cortes de 1933 se estrenan,debates,1933-12-12,2,42,273,5
Las Cortes de 1933 se estrenan,Debate · Las Cortes de 1933 se estrenan,debates,1933-12-19,6,63,273,5
Las Cortes de 1933 se estrenan,Debate · Las Cortes de 1933 se estrenan,debates,1933-12-20,7,70,273,5
Las Cortes de 1933 se estrenan,Debate · Las Cortes de 1933 se estrenan,debates,1934-02-07,35,85,273,5
Amnistía de 1934,Debate · Amnistía de 1934,debates,1934-04-11,66,124,1085,6
Amnistía de 1934,Debate · Amnistía de 1934,debates,1934-04-12,67,181,1085,6
Amnistía de 1934,Debate · Amnistía de 1934,debates,1934-04-13,68,199,1085,6
Amnistía de 1934,Debate · Amnistía de 1934,debates,1934-04-17,69,124,1085,6
Amnistía de 1934,Debate · Amnistía de 1934,debates,1934-04-18,70,167,1085,6
Amnistía de 1934,Debate · Amnistía de 1934,debates,1934-04-19,71,290,1085,6
Contratos de cultivo y retirada de ERC y PNV,Debate · Contratos de cultivo y retirada de ERC y PNV,debates,1934-06-12,97,162,238,2
Contratos de cultivo y retirada de ERC y PNV,Debate · Contratos de cultivo y retirada de ERC y PNV,debates,1934-06-25,105,76,238,2
Las Cortes ante la revolución de octubre,Debate · Las Cortes ante la revolución de octubre,debates,1934-10-09,114,44,290,4
Las Cortes ante la revolución de octubre,Debate · Las Cortes ante la revolución de octubre,debates,1934-11-05,115,83,290,4
Las Cortes ante la revolución de octubre,Debate · Las Cortes ante la revolución de octubre,debates,1934-11-06,116,85,290,4
Las Cortes ante la revolución de octubre,Debate · Las Cortes ante la revolución de octubre,debates,1934-11-07,117,78,290,4
Reforma del Reglamento (1934),Debate · Reforma del Reglamento (1934),debates,1934-11-09,119,115,873,4
Reforma del Reglamento (1934),Debate · Reforma del Reglamento (1934),debates,1934-11-13,120,280,873,4
Reforma del Reglamento (1934),Debate · Reforma del Reglamento (1934),debates,1934-11-14,121,228,873,4
Reforma del Reglamento (1934),Debate · Reforma del Reglamento (1934),debates,1934-11-15,122,250,873,4
Acusación contra Azaña y Casares,Debate · Acusación contra Azaña y Casares,debates,1935-03-12,169,430,602,3
Acusación contra Azaña y Casares,Debate · Acusación contra Azaña y Casares,debates,1935-03-20,173,93,602,3
Acusación contra Azaña y Casares,Debate · Acusación contra Azaña y Casares,debates,1935-03-21,174,79,602,3
Estraperlo y Nombela,Debate · Estraperlo y Nombela,debates,1935-10-28,250,162,705,4
Estraperlo y Nombela,Debate · Estraperlo y Nombela,debates,1935-11-29,270,143,705,4
Estraperlo y Nombela,Debate · Estraperlo y Nombela,debates,1935-12-05,273,140,705,4
Estraperlo y Nombela,Debate · Estraperlo y Nombela,debates,1935-12-07,275,260,705,4
Las Cortes de 1936 se constituyen,Debate · Las Cortes de 1936 se constituyen,debates,1936-03-16,1,8,30,2
Las Cortes de 1936 se constituyen,Debate · Las Cortes de 1936 se constituyen,debates,1936-03-17,2,22,30,2
Comisión de Actas (Cuenca y Granada),Debate · Comisión de Actas (Cuenca y Granada),debates,1936-03-24,6,46,371,4
Comisión de Actas (Cuenca y Granada),Debate · Comisión de Actas (Cuenca y Granada),debates,1936-03-31,11,84,371,4
Comisión de Actas (Cuenca y Granada),Debate · Comisión de Actas (Cuenca y Granada),debates,1936-04-01,12,73,371,4
Comisión de Actas (Cuenca y Granada),Debate · Comisión de Actas (Cuenca y Granada),debates,1936-04-02,13,168,371,4
Destitución de Alcalá-Zamora,Debate · Destitución de Alcalá-Zamora,debates,1936-04-03,14,54,139,2
Destitución de Alcalá-Zamora,Debate · Destitución de Alcalá-Zamora,debates,1936-04-07,15,85,139,2
Orden público en la primavera de 1936,Debate · Orden público en la primavera de 1936,debates,1936-04-15,17,130,604,5
Orden público en la primavera de 1936,Debate · Orden público en la primavera de 1936,debates,1936-05-19,29,54,604,5
Orden público en la primavera de 1936,Debate · Orden público en la primavera de 1936,debates,1936-06-16,45,159,604,5
Orden público en la primavera de 1936,Debate · Orden público en la primavera de 1936,debates,1936-07-01,54,125,604,5
Orden público en la primavera de 1936,Debate · Orden público en la primavera de 1936,debates,1936-07-10,60,136,604,5
Las Cortes en guerra,Debate · Las Cortes en guerra,debates,1936-10-01,61,29,280,9
Las Cortes en guerra,Debate · Las Cortes en guerra,debates,1936-12-01,62,27,280,9
Las Cortes en guerra,Debate · Las Cortes en guerra,debates,1937-02-01,63,17,280,9
Las Cortes en guerra,Debate · Las Cortes en guerra,debates,1937-10-01,64,27,280,9
Las Cortes en guerra,Debate · Las Cortes en guerra,debates,1937-10-02,65,56,280,9
Las Cortes en guerra,Debate · Las Cortes en guerra,debates,1938-02-01,66,37,280,9
Las Cortes en guerra,Debate · Las Cortes en guerra,debates,1938-09-30,67,55,280,9
Las Cortes en guerra,Debate · Las Cortes en guerra,debates,1938-10-01,68,16,280,9
Las Cortes en guerra,Debate · Las Cortes en guerra,debates,1939-02-01,69,16,280,9
Las Cortes en el exilio,Debate · Las Cortes en el exilio,debates,1945-01-10,70,27,211,5
Las Cortes en el exilio,Debate · Las Cortes en el exilio,debates,1945-08-17,71,5,211,5
Las Cortes en el exilio,Debate · Las Cortes en el exilio,debates,1945-11-07,72,56,211,5
Las Cortes en el exilio,Debate · Las Cortes en el exilio,debates,1945-11-08,73,28,211,5
Las Cortes en el exilio,Debate · Las Cortes en el exilio,debates,1945-11-09,74,95,211,5
Sesiones que estudia la literatura,Sesiones que estudia la literatura,sesiones,1931-08-27,28,64,2164,19
Sesiones que estudia la literatura,Sesiones que estudia la literatura,sesiones,1931-09-04,33,60,2164,19
Sesiones que estudia la literatura,Sesiones que estudia la literatura,sesiones,1931-09-18,41,157,2164,19
Sesiones que estudia la literatura,Sesiones que estudia la literatura,sesiones,1931-10-01,48,415,2164,19
Sesiones que estudia la literatura,Sesiones que estudia la literatura,sesiones,1931-10-10,54,52,2164,19
Sesiones que estudia la literatura,Sesiones que estudia la literatura,sesiones,1931-10-13,55,421,2164,19
Sesiones que estudia la literatura,Sesiones que estudia la literatura,sesiones,1931-12-09,88,96,2164,19
Sesiones que estudia la literatura,Sesiones que estudia la literatura,sesiones,1932-05-13,165,65,2164,19
Sesiones que estudia la literatura,Sesiones que estudia la literatura,sesiones,1932-05-27,173,49,2164,19
Sesiones que estudia la literatura,Sesiones que estudia la literatura,sesiones,1932-09-09,233,90,2164,19
Sesiones que estudia la literatura,Sesiones que estudia la literatura,sesiones,1933-02-02,288,166,2164,19
Sesiones que estudia la literatura,Sesiones que estudia la literatura,sesiones,1935-03-20,173,108,2164,19
Sesiones que estudia la literatura,Sesiones que estudia la literatura,sesiones,1936-03-31,11,92,2164,19
Sesiones que estudia la literatura,Sesiones que estudia la literatura,sesiones,1936-04-07,15,103,2164,19
Sesiones que estudia la literatura,Sesiones que estudia la literatura,sesiones,1939-02-01,69,20,2164,19
Sesiones que estudia la literatura,Sesiones que estudia la literatura,sesiones,1945-08-17,71,10,2164,19
Sesiones que estudia la literatura,Sesiones que estudia la literatura,sesiones,1945-11-07,72,63,2164,19
Sesiones que estudia la literatura,Sesiones que estudia la literatura,sesiones,1945-11-08,73,33,2164,19
Sesiones que estudia la literatura,Sesiones que estudia la literatura,sesiones,1945-11-09,74,100,2164,19
Sesiones más crispadas,Sesiones más crispadas,sesiones,1931-09-16,39,186,5585,35
Sesiones más crispadas,Sesiones más crispadas,sesiones,1931-09-25,45,659,5585,35
Sesiones más crispadas,Sesiones más crispadas,sesiones,1932-02-02,109,112,5585,35
Sesiones más crispadas,Sesiones más crispadas,sesiones,1932-02-04,111,125,5585,35
Sesiones más crispadas,Sesiones más crispadas,sesiones,1932-02-16,116,238,5585,35
Sesiones más crispadas,Sesiones más crispadas,sesiones,1932-02-19,119,215,5585,35
Sesiones más crispadas,Sesiones más crispadas,sesiones,1932-04-26,154,137,5585,35
Sesiones más crispadas,Sesiones más crispadas,sesiones,1932-10-06,237,172,5585,35
Sesiones más crispadas,Sesiones más crispadas,sesiones,1932-11-23,263,179,5585,35
Sesiones más crispadas,Sesiones más crispadas,sesiones,1933-03-03,305,172,5585,35
Sesiones más crispadas,Sesiones más crispadas,sesiones,1933-03-15,311,121,5585,35
Sesiones más crispadas,Sesiones más crispadas,sesiones,1933-03-16,312,122,5585,35
Sesiones más crispadas,Sesiones más crispadas,sesiones,1933-04-25,326,95,5585,35
Sesiones más crispadas,Sesiones más crispadas,sesiones,1933-05-11,336,186,5585,35
Sesiones más crispadas,Sesiones más crispadas,sesiones,1934-01-26,29,137,5585,35
Sesiones más crispadas,Sesiones más crispadas,sesiones,1934-03-07,46,182,5585,35
Sesiones más crispadas,Sesiones más crispadas,sesiones,1934-03-08,47,134,5585,35
Sesiones más crispadas,Sesiones más crispadas,sesiones,1934-03-22,55,146,5585,35
Sesiones más crispadas,Sesiones más crispadas,sesiones,1934-04-04,62,76,5585,35
Sesiones más crispadas,Sesiones más crispadas,sesiones,1934-04-13,68,218,5585,35
Sesiones más crispadas,Sesiones más crispadas,sesiones,1934-05-02,75,88,5585,35
Sesiones más crispadas,Sesiones más crispadas,sesiones,1934-06-14,99,100,5585,35
Sesiones más crispadas,Sesiones más crispadas,sesiones,1934-06-25,105,85,5585,35
Sesiones más crispadas,Sesiones más crispadas,sesiones,1934-07-04,112,282,5585,35
Sesiones más crispadas,Sesiones más crispadas,sesiones,1935-02-15,160,185,5585,35
Sesiones más crispadas,Sesiones más crispadas,sesiones,1935-06-06,199,110,5585,35
Sesiones más crispadas,Sesiones más crispadas,sesiones,1935-10-02,234,59,5585,35
Sesiones más crispadas,Sesiones más crispadas,sesiones,1935-10-22,246,125,5585,35
Sesiones más crispadas,Sesiones más crispadas,sesiones,1935-10-30,252,101,5585,35
Sesiones más crispadas,Sesiones más crispadas,sesiones,1935-11-07,256,107,5585,35
Sesiones más crispadas,Sesiones más crispadas,sesiones,1935-12-05,273,153,5585,35
Sesiones más crispadas,Sesiones más crispadas,sesiones,1935-12-07,275,282,5585,35
Sesiones más crispadas,Sesiones más crispadas,sesiones,1936-04-15,17,144,5585,35
Sesiones más crispadas,Sesiones más crispadas,sesiones,1936-04-16,18,54,5585,35
Sesiones más crispadas,Sesiones más crispadas,sesiones,1936-05-06,25,98,5585,35
Sesiones decisivas,Sesiones decisivas,sesiones,1936-06-16,45,172,309,2
Sesiones decisivas,Sesiones decisivas,sesiones,1936-07-01,54,137,309,2
Anécdotas y amenazas,Anécdotas y amenazas,anecdotas,1931-08-13,20,1,54,20
Anécdotas y amenazas,Anécdotas y amenazas,anecdotas,1931-10-09,53,1,54,20
Anécdotas y amenazas,Anécdotas y amenazas,anecdotas,1931-10-13,55,10,54,20
Anécdotas y amenazas,Anécdotas y amenazas,anecdotas,1932-05-06,161,1,54,20
Anécdotas y amenazas,Anécdotas y amenazas,anecdotas,1932-06-15,183,1,54,20
Anécdotas y amenazas,Anécdotas y amenazas,anecdotas,1932-06-28,190,1,54,20
Anécdotas y amenazas,Anécdotas y amenazas,anecdotas,1932-07-29,209,1,54,20
Anécdotas y amenazas,Anécdotas y amenazas,anecdotas,1932-08-17,219,1,54,20
Anécdotas y amenazas,Anécdotas y amenazas,anecdotas,1932-12-27,285,1,54,20
Anécdotas y amenazas,Anécdotas y amenazas,anecdotas,1933-06-20,356,1,54,20
Anécdotas y amenazas,Anécdotas y amenazas,anecdotas,1933-07-20,374,3,54,20
Anécdotas y amenazas,Anécdotas y amenazas,anecdotas,1933-08-31,398,1,54,20
Anécdotas y amenazas,Anécdotas y amenazas,anecdotas,1934-02-01,32,2,54,20
Anécdotas y amenazas,Anécdotas y amenazas,anecdotas,1934-04-19,71,5,54,20
Anécdotas y amenazas,Anécdotas y amenazas,anecdotas,1934-05-31,91,1,54,20
Anécdotas y amenazas,Anécdotas y amenazas,anecdotas,1934-06-28,108,2,54,20
Anécdotas y amenazas,Anécdotas y amenazas,anecdotas,1934-11-06,116,1,54,20
Anécdotas y amenazas,Anécdotas y amenazas,anecdotas,1934-11-15,122,3,54,20
Anécdotas y amenazas,Anécdotas y amenazas,anecdotas,1935-03-20,173,1,54,20
Anécdotas y amenazas,Anécdotas y amenazas,anecdotas,1936-04-15,17,16,54,20
