fecha,num_session,legislatura,etapa,filas_con_lista,ids_V2
1931-09-02,31,1931-1933,I,1,2864
1931-09-16,39,1931-1933,I,1,3381
1931-09-17,40,1931-1933,I,1,3544
1931-09-22,42,1931-1933,I,1,3809
1931-09-25,45,1931-1933,I,4,4197 4412 4497 4711
1931-09-29,46,1931-1933,I,2,4845 4868
1931-09-30,47,1931-1933,I,2,5341 5395
1931-10-01,48,1931-1933,I,1,5453
1931-10-02,49,1931-1933,I,1,5859
1931-10-06,50,1931-1933,I,3,6106 6117 6239
1931-10-07,51,1931-1933,I,1,6416
1931-10-13,55,1931-1933,I,6,6738 6812 6818 6844 6923 6994
1931-10-16,58,1931-1933,I,1,7338
1931-10-21,60,1931-1933,I,1,7806
1931-10-22,61,1931-1933,I,1,8008
1931-10-27,63,1931-1933,I,2,8247 8272
1931-10-28,64,1931-1933,I,1,8607
1931-10-29,65,1931-1933,I,2,8673 8757
1931-10-30,66,1931-1933,I,1,8914
1931-11-10,71,1931-1933,I,1,9744
1931-11-11,72,1931-1933,I,2,9844 9877
1931-11-20,78,1931-1933,I,1,11547
1931-11-24,79,1931-1933,I,1,11717
1931-11-25,80,1931-1933,I,1,12098
1931-11-26,81,1931-1933,I,1,12286
1931-12-01,83,1931-1933,I,1,12818
1931-12-09,88,1931-1933,I,1,13525
1931-12-17,91,1931-1933,I,1,13673
1932-01-07,95,1931-1933,I,1,14155
1932-01-12,97,1931-1933,I,1,14441
1932-01-14,99,1931-1933,I,1,14767
1932-01-15,100,1931-1933,I,2,14998 15070
1932-01-19,101,1931-1933,I,2,15157 15179
1932-01-20,102,1931-1933,I,1,15346
1932-01-21,103,1931-1933,I,1,15477
1932-02-04,111,1931-1933,I,1,16504
1932-02-05,112,1931-1933,I,1,16636
1932-02-09,113,1931-1933,I,1,16929
1932-02-10,114,1931-1933,I,1,17088
1932-02-16,116,1931-1933,I,1,17562
1932-02-24,122,1931-1933,I,2,18824 18845
1932-02-25,123,1931-1933,I,1,18914
1932-02-26,124,1931-1933,I,1,19123
1932-02-27,125,1931-1933,I,1,19489
1932-03-01,126,1931-1933,I,2,19642 19671
1932-03-02,127,1931-1933,I,2,19808 19817
1932-03-03,128,1931-1933,I,1,20043
1932-03-04,129,1931-1933,I,1,20057
1932-03-08,131,1931-1933,I,2,20464 20583
1932-03-16,136,1931-1933,I,3,21131 21183 21195
1932-03-17,137,1931-1933,I,1,21320
1932-03-22,140,1931-1933,I,1,21841
1932-03-30,146,1931-1933,I,2,22716 22744
1932-04-01,148,1931-1933,I,1,23042
1932-04-09,153,1931-1933,I,1,23898
1932-04-27,155,1931-1933,I,3,24132 24152 24224
1932-04-28,156,1931-1933,I,5,24289 24301 24310 24353 24355
1932-04-29,157,1931-1933,I,5,24412 24467 24499 24517 24525
1932-05-03,158,1931-1933,I,2,24698 24737
1932-05-04,159,1931-1933,I,1,24852
1932-05-06,161,1931-1933,I,1,25227
1932-06-03,177,1931-1933,I,1,26195
1932-06-10,181,1931-1933,I,3,26492 26542 26636
1932-06-15,183,1931-1933,I,2,26780 26800
1932-06-16,184,1931-1933,I,1,26914
1932-06-17,185,1931-1933,I,1,27019
1932-06-21,186,1931-1933,I,3,27173 27230 27242
1932-06-22,187,1931-1933,I,2,27288 27304
1932-06-23,188,1931-1933,I,4,27403 27455 27511 27561
1932-06-24,189,1931-1933,I,3,27611 27693 27723
1932-06-28,190,1931-1933,I,5,27832 27898 27921 27934 27944
1932-06-29,191,1931-1933,I,6,28013 28025 28051 28075 28176 28186
1932-06-30,192,1931-1933,I,5,28332 28342 28352 28363 28376
1932-07-05,194,1931-1933,I,5,28532 28543 28555 28602 28708
1932-07-06,195,1931-1933,I,6,28797 28868 28897 28944 28981 28994
1932-07-07,196,1931-1933,I,11,29096 29125 29134 29146 29174 29196 29213 29214 29215 29216 29217
1932-07-08,197,1931-1933,I,7,29269 29289 29298 29313 29349 29362 29371
1932-07-12,198,1931-1933,I,4,29426 29452 29463 29492
1932-07-13,199,1931-1933,I,7,29726 29785 29822 29830 29848 29909 29910
1932-07-14,200,1931-1933,I,2,29982 30157
1932-07-15,201,1931-1933,I,2,30392 30431
1932-07-20,203,1931-1933,I,1,30722
1932-07-21,204,1931-1933,I,2,30798 30880
1932-07-26,206,1931-1933,I,4,31138 31223 31252 31285
1932-07-27,207,1931-1933,I,1,31364
1932-07-28,208,1931-1933,I,4,31561 31694 31705 31718
1932-07-29,209,1931-1933,I,1,31777
1932-08-02,210,1931-1933,I,2,31921 31957
1932-08-03,211,1931-1933,I,6,32013 32021 32051 32074 32079 32167
1932-08-04,212,1931-1933,I,4,32334 32359 32368 32396
1932-08-05,213,1931-1933,I,3,32584 32601 32637
1932-08-09,214,1931-1933,I,2,32873 32883
1932-08-10,215,1931-1933,I,1,32974
1932-08-11,216,1931-1933,I,4,33045 33069 33108 33126
1932-08-12,217,1931-1933,I,2,33188 33223
1932-08-16,218,1931-1933,I,1,33479
1932-08-18,220,1931-1933,I,2,33763 33862
1932-08-30,226,1931-1933,I,1,34987
1932-08-31,227,1931-1933,I,1,35360
1932-09-06,230,1931-1933,I,1,36210
1932-09-08,232,1931-1933,I,2,36824 36953
1932-09-09,233,1931-1933,I,2,37177 37178
1932-10-04,235,1931-1933,I,1,37313
1932-10-06,237,1931-1933,I,2,37557 37636
1932-10-14,241,1931-1933,I,1,38023
1932-11-10,256,1931-1933,I,2,39504 39551
1932-11-17,260,1931-1933,I,1,39931
1932-11-18,261,1931-1933,I,1,40091
1932-11-22,262,1931-1933,I,1,40435
1932-11-23,263,1931-1933,I,1,40606
1932-11-24,264,1931-1933,I,1,40812
1932-11-29,266,1931-1933,I,1,41094
1932-12-01,268,1931-1933,I,2,41218 41269
1932-12-06,270,1931-1933,I,1,41520
1932-12-08,272,1931-1933,I,1,41731
1932-12-13,274,1931-1933,I,1,42106
1932-12-16,277,1931-1933,I,1,42798
1932-12-17,278,1931-1933,I,2,42824 42990
1932-12-18,279,1931-1933,I,2,43156 43178
1932-12-19,280,1931-1933,I,4,43235 43245 43253 43257
1932-12-20,281,1931-1933,I,1,43450
1932-12-21,282,1931-1933,I,2,43488 43583
1932-12-22,283,1931-1933,I,2,43860 43884
1932-12-23,284,1931-1933,I,3,44272 44370 44375
1932-12-27,285,1931-1933,I,2,44570 44589
1932-12-28,286,1931-1933,I,3,44665 44667 44682
1933-02-02,288,1931-1933,I,2,44967 44971
1933-02-07,290,1931-1933,I,1,45202
1933-02-08,291,1931-1933,I,1,45334
1933-02-09,292,1931-1933,I,2,45407 45479
1933-02-15,295,1931-1933,I,2,45694 45777
1933-02-16,296,1931-1933,I,6,45860 45914 45928 45933 45944 45956
1933-02-17,297,1931-1933,I,5,46015 46021 46030 46040 46056
1933-02-21,298,1931-1933,I,6,46136 46155 46172 46181 46209 46239
1933-02-24,301,1931-1933,I,1,46559
1933-03-02,304,1931-1933,I,1,46773
1933-03-08,307,1931-1933,I,4,47142 47160 47169 47196
1933-03-09,308,1931-1933,I,6,47231 47266 47298 47311 47369 47381
1933-03-10,309,1931-1933,I,3,47426 47476 47492
1933-03-14,310,1931-1933,I,7,47628 47638 47657 47665 47673 47692 47702
1933-03-15,311,1931-1933,I,3,47753 47758 47790
1933-03-16,312,1931-1933,I,1,47944
1933-03-17,313,1931-1933,I,3,47983 47992 47996
1933-03-21,314,1931-1933,I,5,48039 48061 48064 48089 48129
1933-03-22,315,1931-1933,I,5,48150 48165 48167 48175 48197
1933-03-24,317,1931-1933,I,3,48389 48407 48430
1933-03-28,318,1931-1933,I,4,48482 48488 48507 48518
1933-03-29,319,1931-1933,I,3,48565 48588 48597
1933-03-30,320,1931-1933,I,1,48670
1933-03-31,321,1931-1933,I,7,48756 48776 48784 48829 48835 48848 48857
1933-04-04,322,1931-1933,I,4,48907 48913 48951 48976
1933-04-05,323,1931-1933,I,2,49069 49085
1933-04-07,325,1931-1933,I,8,49306 49309 49313 49334 49339 49341 49343 49354
1933-04-26,327,1931-1933,I,3,49492 49493 49507
1933-04-27,328,1931-1933,I,4,49614 49628 49658 49667
1933-04-28,329,1931-1933,I,2,49699 49720
1933-05-02,330,1931-1933,I,2,49791 49800
1933-05-03,331,1931-1933,I,5,49860 49869 49913 49918 49929
1933-05-04,332,1931-1933,I,7,49970 49973 49992 50002 50013 50047 50101
1933-05-05,333,1931-1933,I,5,50121 50134 50148 50162 50167
1933-05-09,334,1931-1933,I,5,50196 50206 50216 50221 50226
1933-05-10,335,1931-1933,I,7,50282 50297 50302 50314 50347 50370 50413
1933-05-11,336,1931-1933,I,3,50468 50539 50587
1933-05-12,337,1931-1933,I,11,50627 50640 50647 50650 50653 50658 50675 50680 50685 50688 50692
1933-05-16,338,1931-1933,I,6,50708 50709 50727 50740 50744 50748
1933-05-17,339,1931-1933,I,8,50797 50802 50807 50810 50816 50870 50892 50898
1933-05-18,340,1931-1933,I,1,50957
1933-05-23,342,1931-1933,I,1,51135
1933-05-30,346,1931-1933,I,1,51657
1933-06-01,348,1931-1933,I,1,52339
1933-06-02,349,1931-1933,I,2,52425 52491
1933-06-07,351,1931-1933,I,1,52984
1933-06-20,356,1931-1933,I,1,53342
1933-06-21,357,1931-1933,I,1,53535
1933-06-22,358,1931-1933,I,1,53579
1933-06-23,359,1931-1933,I,1,53907
1933-06-27,360,1931-1933,I,1,53978
1933-07-04,364,1931-1933,I,7,54459 54477 54478 54479 54480 54481 54486
1933-07-05,365,1931-1933,I,4,54612 54642 54683 54697
1933-07-07,367,1931-1933,I,1,54952
1933-07-12,369,1931-1933,I,2,55256 55258
1933-07-14,371,1931-1933,I,1,55460
1933-07-18,372,1931-1933,I,6,55540 55549 55562 55573 55580 55593
1933-07-19,373,1931-1933,I,2,55948 55968
1933-07-20,374,1931-1933,I,3,56096 56118 56162
1933-07-21,375,1931-1933,I,1,56603
1933-07-25,376,1931-1933,I,5,56746 56759 56774 56802 56810
1933-07-26,377,1931-1933,I,6,57007 57016 57018 57020 57022 57024
1933-07-28,379,1931-1933,I,2,57180 57202
1933-08-01,380,1931-1933,I,2,57308 57333
1933-08-02,381,1931-1933,I,7,57438 57451 57465 57466 57470 57476 57479
1933-08-03,382,1931-1933,I,5,57503 57513 57514 57518 57521
1933-08-09,385,1931-1933,I,4,58038 58098 58099 58140
1933-08-10,386,1931-1933,I,3,58290 58313 58329
1933-08-15,388,1931-1933,I,3,58529 58554 58569
1933-08-17,390,1931-1933,I,5,58701 58812 58823 58824 58829
1933-08-18,391,1931-1933,I,1,58876
1933-08-24,394,1931-1933,I,1,59660
1933-08-25,395,1931-1933,I,1,59775
1933-08-29,396,1931-1933,I,7,59884 59885 59886 59952 59961 59981 59984
1933-08-30,397,1931-1933,I,3,60020 60027 60032
1933-08-31,398,1931-1933,I,3,60150 60181 60251
1933-09-05,400,1931-1933,I,6,60681 60700 60742 60774 60792 60802
1933-09-06,401,1931-1933,I,1,60898
1933-09-07,402,1931-1933,I,1,61034
1933-10-03,405,1931-1933,I,1,61320
1933-12-14,4,1933-1935,II,1,61502
1933-12-19,6,1933-1935,II,1,61629
1933-12-20,7,1933-1935,II,1,61719
1933-12-22,9,1933-1935,II,2,61876 61889
1933-12-26,10,1933-1935,II,2,61954 61976
1933-12-27,11,1933-1935,II,1,61993
1933-12-29,13,1933-1935,II,3,62080 62102 62127
1934-01-03,15,1933-1935,II,1,62240
1934-01-09,18,1933-1935,II,2,62483 62503
1934-01-11,20,1933-1935,II,1,62670
1934-01-12,21,1933-1935,II,1,62789
1934-01-24,27,1933-1935,II,2,63355 63360
1934-01-26,29,1933-1935,II,1,63513
1934-01-31,31,1933-1935,II,1,63714
1934-02-01,32,1933-1935,II,1,63777
1934-02-07,35,1933-1935,II,1,64159
1934-02-08,36,1933-1935,II,1,64232
1934-02-09,37,1933-1935,II,1,64343
1934-02-20,38,1933-1935,II,1,64484
1934-02-21,39,1933-1935,II,5,64601 64676 64697 64711 64718
1934-02-22,40,1933-1935,II,12,64742 64747 64753 64758 64768 64780 64790 64798 64820 64843 64850 64862
1934-02-23,41,1933-1935,II,1,64870
1934-02-28,43,1933-1935,II,1,65031
1934-03-07,46,1933-1935,II,8,65149 65201 65212 65220 65227 65237 65238 65248
1934-03-08,47,1933-1935,II,1,65381
1934-03-14,50,1933-1935,II,3,65665 65667 65712
1934-03-16,52,1933-1935,II,2,65858 65890
1934-03-21,54,1933-1935,II,1,66063
1934-03-22,55,1933-1935,II,1,66225
1934-03-23,56,1933-1935,II,1,66258
1934-03-26,58,1933-1935,II,1,66452
1934-03-27,59,1933-1935,II,3,66558 66559 66568
1934-03-28,60,1933-1935,II,1,66630
1934-04-03,61,1933-1935,II,1,66722
1934-04-04,62,1933-1935,II,4,66807 66842 66845 66866
1934-04-05,63,1933-1935,II,4,66895 66896 66897 66904
1934-04-06,64,1933-1935,II,2,67014 67029
1934-04-10,65,1933-1935,II,2,67160 67177
1934-04-11,66,1933-1935,II,1,67299
1934-04-12,67,1933-1935,II,6,67368 67383 67394 67418 67435 67460
1934-04-13,68,1933-1935,II,5,67556 67577 67654 67666 67676
1934-04-17,69,1933-1935,II,4,67696 67719 67732 67777
1934-04-18,70,1933-1935,II,6,67836 67849 67906 67917 67945 67955
1934-04-19,71,1933-1935,II,4,68046 68174 68186 68218
1934-04-20,72,1933-1935,II,3,68299 68300 68331
1934-04-24,73,1933-1935,II,6,68365 68366 68377 68388 68406 68417
1934-05-02,75,1933-1935,II,1,68513
1934-05-03,76,1933-1935,II,2,68650 68657
1934-05-04,77,1933-1935,II,1,68727
1934-05-08,78,1933-1935,II,4,68797 68808 68817 68892
1934-05-09,79,1933-1935,II,4,68896 68899 68940 68950
1934-05-10,80,1933-1935,II,2,69057 69185
1934-05-11,81,1933-1935,II,3,69281 69291 69308
1934-05-17,83,1933-1935,II,4,69473 69474 69486 69501
1934-05-18,84,1933-1935,II,3,69568 69581 69598
1934-05-22,85,1933-1935,II,4,69638 69666 69676 69709
1934-05-24,87,1933-1935,II,7,69912 69913 69927 69940 69943 69944 69945
1934-05-25,88,1933-1935,II,1,70042
1934-05-29,89,1933-1935,II,3,70217 70297 70310
1934-05-30,90,1933-1935,II,1,70484
1934-06-06,94,1933-1935,II,4,71010 71078 71109 71154
1934-06-07,95,1933-1935,II,2,71205 71227
1934-06-08,96,1933-1935,II,1,71326
1934-06-20,102,1933-1935,II,1,72307
1934-06-21,103,1933-1935,II,1,72572
1934-06-25,105,1933-1935,II,2,72839 72846
1934-06-26,106,1933-1935,II,1,72922
1934-06-27,107,1933-1935,II,2,73072 73086
1934-06-28,108,1933-1935,II,3,73201 73247 73274
1934-06-29,109,1933-1935,II,4,73516 73528 73669 73912
1934-06-30,110,1933-1935,II,2,74064 74210
1934-07-03,111,1933-1935,II,3,74330 74334 74361
1934-07-04,112,1933-1935,II,4,74462 74463 74464 74636
1934-11-06,116,1933-1935,II,1,74871
1934-11-13,120,1933-1935,II,1,75355
1934-11-14,121,1933-1935,II,1,75579
1934-11-15,122,1933-1935,II,2,75758 75892
1934-11-28,129,1933-1935,II,2,76751 76775
1934-11-29,130,1933-1935,II,3,76982 76984 76986
1934-11-30,131,1933-1935,II,1,77087
1934-12-11,136,1933-1935,II,1,77600
1934-12-12,137,1933-1935,II,1,77668
1934-12-14,139,1933-1935,II,2,77992 78018
1934-12-18,140,1933-1935,II,2,78106 78149
1934-12-20,143,1933-1935,II,3,78779 78780 78781
1935-01-24,147,1933-1935,II,1,79425
1935-01-30,150,1933-1935,II,1,80077
1935-01-31,151,1933-1935,II,1,80163
1935-02-01,152,1933-1935,II,1,80427
1935-02-05,153,1933-1935,II,3,80535 80622 80655
1935-02-06,154,1933-1935,II,2,80750 80768
1935-02-07,155,1933-1935,II,1,80993
1935-02-08,156,1933-1935,II,5,81162 81204 81213 81232 81238
1935-02-12,157,1933-1935,II,1,81429
1935-02-13,158,1933-1935,II,3,81635 81650 81728
1935-02-15,160,1933-1935,II,2,81989 82119
1935-02-19,161,1933-1935,II,2,82191 82274
1935-02-22,164,1933-1935,II,1,82911
1935-02-26,165,1933-1935,II,2,83031 83230
1935-02-27,166,1933-1935,II,2,83412 83448
1935-02-28,167,1933-1935,II,4,83724 83733 83954 83955
1935-03-01,168,1933-1935,II,2,84017 84179
1935-03-12,169,1933-1935,II,2,84390 84473
1935-03-13,170,1933-1935,II,2,84757 84785
1935-03-14,171,1933-1935,II,4,84967 84976 85016 85025
1935-03-15,172,1933-1935,II,3,85098 85216 85219
1935-03-21,174,1933-1935,II,1,85443
1935-03-26,177,1933-1935,II,1,85872
1935-03-27,178,1933-1935,II,1,86229
1935-03-28,179,1933-1935,II,5,86435 86473 86636 86643 86648
1935-05-08,182,1933-1935,II,1,86748
1935-05-21,189,1933-1935,II,1,87356
1935-05-23,191,1933-1935,II,5,87478 87502 87514 87558 87582
1935-05-24,192,1933-1935,II,1,87690
1935-05-28,193,1933-1935,II,3,87885 87886 87887
1935-06-04,197,1933-1935,II,9,88227 88228 88230 88231 88232 88233 88234 88235 88236
1935-06-05,198,1933-1935,II,2,88369 88401
1935-06-06,199,1933-1935,II,5,88457 88458 88460 88462 88489
1935-06-12,202,1933-1935,II,1,88990
1935-06-13,203,1933-1935,II,1,89401
1935-06-14,204,1933-1935,II,2,89851 89985
1935-06-19,206,1933-1935,II,2,90266 90267
1935-06-21,208,1933-1935,II,1,90575
1935-06-25,210,1933-1935,II,3,90801 90803 90825
1935-06-26,211,1933-1935,II,1,90923
1935-06-27,212,1933-1935,II,2,91061 91327
1935-06-28,213,1933-1935,II,6,91373 91399 91400 91444 91502 91512
1935-06-29,214,1933-1935,II,11,91553 91557 91561 91565 91570 91573 91600 91612 91652 91675 91781
1935-07-02,215,1933-1935,II,3,92088 92093 92103
1935-07-03,216,1933-1935,II,5,92184 92194 92253 92277 92288
1935-07-04,217,1933-1935,II,9,92324 92341 92360 92401 92402 92403 92422 92442 92462
1935-07-05,218,1933-1935,II,5,92568 92569 92570 92571 92572
1935-07-09,219,1933-1935,II,2,92646 92664
1935-07-10,220,1933-1935,II,3,92889 92913 92935
1935-07-11,221,1933-1935,II,4,93230 93231 93232 93234
1935-07-16,223,1933-1935,II,1,93576
1935-07-17,224,1933-1935,II,1,93678
1935-07-18,225,1933-1935,II,1,93870
1935-07-19,226,1933-1935,II,1,94194
1935-07-20,227,1933-1935,II,1,94349
1935-07-23,228,1933-1935,II,1,94467
1935-07-25,230,1933-1935,II,1,94611
1935-10-03,235,1933-1935,II,1,95272
1935-10-16,243,1933-1935,II,2,96132 96239
1935-10-18,245,1933-1935,II,1,96500
1935-10-23,247,1933-1935,II,2,96832 96911
1935-10-25,249,1933-1935,II,2,97225 97316
1935-10-30,252,1933-1935,II,1,97639
1935-10-31,253,1933-1935,II,2,97662 97718
1935-11-05,254,1933-1935,II,2,97887 97956
1935-11-06,255,1933-1935,II,6,98012 98019 98077 98124 98215 98225
1935-11-12,258,1933-1935,II,4,98457 98458 98508 98555
1935-11-15,262,1933-1935,II,4,99180 99202 99215 99221
1935-11-19,263,1933-1935,II,3,99375 99395 99410
1935-11-20,264,1933-1935,II,6,99521 99543 99546 99559 99598 99635
1935-11-21,265,1933-1935,II,4,99787 99808 99810 99811
1935-11-26,267,1933-1935,II,2,100002 100005
1935-11-27,268,1933-1935,II,4,100181 100205 100310 100329
1935-11-28,269,1933-1935,II,1,100482
1935-11-29,270,1933-1935,II,1,100559
1935-12-03,271,1933-1935,II,3,100727 100728 100789
1935-12-04,272,1933-1935,II,1,100994
1935-12-05,273,1933-1935,II,1,101149
1935-12-06,274,1933-1935,II,1,101260
1935-12-07,275,1933-1935,II,2,101658 101687
1936-03-24,6,1936-1939,III,1,101857
1936-04-01,12,1936-1939,III,1,102056
1936-04-02,13,1936-1939,III,3,102111 102204 102215
1936-04-03,14,1936-1939,III,1,102287
1936-04-07,15,1936-1939,III,1,102358
1936-04-16,18,1936-1939,III,2,102548 102554
1936-04-18,20,1936-1939,III,12,102636 102652 102716 102721 102731 102746 102755 102767 102782 102791 102818 102837
1936-04-28,21,1936-1939,III,1,102988
1936-05-19,29,1936-1939,III,1,103415
1936-05-20,30,1936-1939,III,1,103450
1936-05-21,31,1936-1939,III,1,103626
1936-05-22,32,1936-1939,III,2,103703 103726
1936-05-26,33,1936-1939,III,5,103786 103810 103812 103840 103889
1936-05-27,34,1936-1939,III,2,103939 103962
1936-05-28,35,1936-1939,III,3,104114 104131 104135
1936-06-02,37,1936-1939,III,4,104253 104326 104343 104348
1936-06-04,39,1936-1939,III,3,104522 104537 104548
1936-06-05,40,1936-1939,III,2,104644 104701
1936-06-10,42,1936-1939,III,1,104877
1936-06-11,43,1936-1939,III,5,105009 105086 105113 105115 105117
1936-06-12,44,1936-1939,III,1,105166
1936-06-17,46,1936-1939,III,4,105408 105428 105438 105449
1936-06-18,47,1936-1939,III,2,105538 105588
1936-06-25,51,1936-1939,III,1,105968
1936-06-26,52,1936-1939,III,1,106054
1936-06-30,53,1936-1939,III,5,106184 106190 106192 106194 106196
1936-07-02,55,1936-1939,III,2,106376 106383
1936-07-03,56,1936-1939,III,4,106428 106449 106462 106498
1936-07-07,57,1936-1939,III,1,106632
1936-07-08,58,1936-1939,III,3,106697 106699 106707
1936-07-09,59,1936-1939,III,2,106849 106925
1936-07-10,60,1936-1939,III,3,106953 106971 106994
1937-10-01,64,1936-1939,IV,1,107162
1938-10-01,68,1936-1939,IV,1,107312
