mes,etapa,legislatura,estado,sesiones_V2,filas_V2,palabras_V2,diputados_V2,clase_tono
1931-07,I,1931-1933,sesion,13,1282,208229,114,2
1931-08,I,1931-1933,sesion,16,1482,371244,127,3
1931-09,I,1931-1933,sesion,18,2633,565120,187,4
1931-10,I,1931-1933,sesion,19,3519,598938,195,4
1931-11,I,1931-1933,sesion,16,3818,568308,166,4
1931-12,I,1931-1933,sesion,10,1145,206907,133,2
1932-01,I,1931-1933,sesion,16,2343,474874,190,3
1932-02,I,1931-1933,sesion,17,3340,512213,174,3
1932-03,I,1931-1933,sesion,22,3283,680087,188,5
1932-04,I,1931-1933,sesion,10,1700,315121,125,2
1932-05,I,1931-1933,sesion,17,1473,530057,155,4
1932-06,I,1931-1933,sesion,18,2371,591946,166,4
1932-07,I,1931-1933,sesion,17,3479,740388,167,5
1932-08,I,1931-1933,sesion,18,3555,722454,160,5
1932-09,I,1931-1933,sesion,6,1758,288973,108,2
1932-10,I,1931-1933,sesion,16,1601,377037,149,3
1932-11,I,1931-1933,sesion,18,2404,575950,154,4
1932-12,I,1931-1933,sesion,19,3604,858083,171,5
1933-01,I,1931-1933,sin_sesion,0,0,0,0,
1933-02,I,1931-1933,sesion,16,1843,574317,145,4
1933-03,I,1931-1933,sesion,19,2249,606144,133,4
1933-04,I,1931-1933,sesion,8,887,241193,83,2
1933-05,I,1931-1933,sesion,18,2424,537331,138,4
1933-06,I,1931-1933,sesion,16,2187,488887,140,3
1933-07,I,1931-1933,sesion,16,2862,566163,133,4
1933-08,I,1931-1933,sesion,19,3067,564881,128,4
1933-09,I,1931-1933,sesion,5,901,148313,74,2
1933-10,I,1931-1933,sesion,2,145,53132,22,1
1933-11,,,fuera,0,0,0,0,
1933-12,II,1933-1935,sesion,14,835,174929,91,2
1934-01,II,1933-1935,sesion,17,1564,470660,168,3
1934-02,II,1933-1935,sesion,12,1282,374866,143,3
1934-03,II,1933-1935,sesion,17,1655,579955,143,4
1934-04,II,1933-1935,sesion,14,1742,408007,121,3
1934-05,II,1933-1935,sesion,17,2301,697690,162,5
1934-06,II,1933-1935,sesion,19,3511,870822,204,5
1934-07,II,1933-1935,sesion,2,392,98730,57,2
1934-08,II,1933-1935,sin_sesion,0,0,0,0,
1934-09,II,1933-1935,sin_sesion,0,0,0,0,
1934-10,II,1933-1935,sesion,2,67,17245,14,1
1934-11,II,1933-1935,sesion,17,2476,618027,135,5
1934-12,II,1933-1935,sesion,14,2053,475119,149,3
1935-01,II,1933-1935,sesion,6,1096,225421,85,2
1935-02,II,1933-1935,sesion,16,3627,621181,139,5
1935-03,II,1933-1935,sesion,13,2744,489426,143,3
1935-04,II,1933-1935,sin_sesion,0,0,0,0,
1935-05,II,1933-1935,sesion,16,1500,482963,136,3
1935-06,II,1933-1935,sesion,18,3743,703891,152,5
1935-07,II,1933-1935,sesion,17,3183,649380,148,5
1935-08,II,1933-1935,sin_sesion,0,0,0,0,
1935-09,II,1933-1935,sesion,1,4,4214,2,1
1935-10,II,1933-1935,sesion,21,2713,643600,157,5
1935-11,II,1933-1935,sesion,17,2835,639359,122,5
1935-12,II,1933-1935,sesion,6,1019,230635,97,2
1936-01,,,fuera,0,0,0,0,
1936-02,,,fuera,0,0,0,0,
1936-03,III,1936-1939,sesion,11,297,61880,51,2
1936-04,III,1936-1939,sesion,12,1098,357203,115,3
1936-05,III,1936-1939,sesion,13,1145,379069,107,3
1936-06,III,1936-1939,sesion,17,1961,585654,146,4
1936-07,III,1936-1939,sesion,7,867,306513,89,2
1936-08,,,fuera,0,0,0,0,
1936-09,,,fuera,0,0,0,0,
1936-10,IV,1936-1939,sesion,1,29,6716,13,1
1936-11,IV,1936-1939,sin_sesion,0,0,0,0,
1936-12,IV,1936-1939,sesion,1,27,14645,11,1
1937-01,IV,1936-1939,sin_sesion,0,0,0,0,
1937-02,IV,1936-1939,sesion,1,17,4294,6,1
1937-03,IV,1936-1939,sin_sesion,0,0,0,0,
1937-04,IV,1936-1939,sin_sesion,0,0,0,0,
1937-05,IV,1936-1939,sin_sesion,0,0,0,0,
1937-06,IV,1936-1939,sin_sesion,0,0,0,0,
1937-07,IV,1936-1939,sin_sesion,0,0,0,0,
1937-08,IV,1936-1939,sin_sesion,0,0,0,0,
1937-09,IV,1936-1939,sin_sesion,0,0,0,0,
1937-10,IV,1936-1939,sesion,2,80,34459,21,1
1937-11,IV,1936-1939,sin_sesion,0,0,0,0,
1937-12,IV,1936-1939,sin_sesion,0,0,0,0,
1938-01,IV,1936-1939,sin_sesion,0,0,0,0,
1938-02,IV,1936-1939,sesion,1,36,19302,11,1
1938-03,IV,1936-1939,sin_sesion,0,0,0,0,
1938-04,IV,1936-1939,sin_sesion,0,0,0,0,
1938-05,IV,1936-1939,sin_sesion,0,0,0,0,
1938-06,IV,1936-1939,sin_sesion,0,0,0,0,
1938-07,IV,1936-1939,sin_sesion,0,0,0,0,
1938-08,IV,1936-1939,sin_sesion,0,0,0,0,
1938-09,IV,1936-1939,sesion,1,55,35873,15,1
1938-10,IV,1936-1939,sesion,1,16,1968,6,1
1938-11,IV,1936-1939,sin_sesion,0,0,0,0,
1938-12,IV,1936-1939,sin_sesion,0,0,0,0,
1939-01,IV,1936-1939,sin_sesion,0,0,0,0,
1939-02,IV,1936-1939,sesion,1,16,10452,8,1
1939-03,,,salto,0,0,0,0,
1939-04,,,salto,0,0,0,0,
1939-05,,,salto,0,0,0,0,
1939-06,,,salto,0,0,0,0,
1939-07,,,salto,0,0,0,0,
1939-08,,,salto,0,0,0,0,
1939-09,,,salto,0,0,0,0,
1939-10,,,salto,0,0,0,0,
1939-11,,,salto,0,0,0,0,
1939-12,,,salto,0,0,0,0,
1940-01,,,salto,0,0,0,0,
1940-02,,,salto,0,0,0,0,
1940-03,,,salto,0,0,0,0,
1940-04,,,salto,0,0,0,0,
1940-05,,,salto,0,0,0,0,
1940-06,,,salto,0,0,0,0,
1940-07,,,salto,0,0,0,0,
1940-08,,,salto,0,0,0,0,
1940-09,,,salto,0,0,0,0,
1940-10,,,salto,0,0,0,0,
1940-11,,,salto,0,0,0,0,
1940-12,,,salto,0,0,0,0,
1941-01,,,salto,0,0,0,0,
1941-02,,,salto,0,0,0,0,
1941-03,,,salto,0,0,0,0,
1941-04,,,salto,0,0,0,0,
1941-05,,,salto,0,0,0,0,
1941-06,,,salto,0,0,0,0,
1941-07,,,salto,0,0,0,0,
1941-08,,,salto,0,0,0,0,
1941-09,,,salto,0,0,0,0,
1941-10,,,salto,0,0,0,0,
1941-11,,,salto,0,0,0,0,
1941-12,,,salto,0,0,0,0,
1942-01,,,salto,0,0,0,0,
1942-02,,,salto,0,0,0,0,
1942-03,,,salto,0,0,0,0,
1942-04,,,salto,0,0,0,0,
1942-05,,,salto,0,0,0,0,
1942-06,,,salto,0,0,0,0,
1942-07,,,salto,0,0,0,0,
1942-08,,,salto,0,0,0,0,
1942-09,,,salto,0,0,0,0,
1942-10,,,salto,0,0,0,0,
1942-11,,,salto,0,0,0,0,
1942-12,,,salto,0,0,0,0,
1943-01,,,salto,0,0,0,0,
1943-02,,,salto,0,0,0,0,
1943-03,,,salto,0,0,0,0,
1943-04,,,salto,0,0,0,0,
1943-05,,,salto,0,0,0,0,
1943-06,,,salto,0,0,0,0,
1943-07,,,salto,0,0,0,0,
1943-08,,,salto,0,0,0,0,
1943-09,,,salto,0,0,0,0,
1943-10,,,salto,0,0,0,0,
1943-11,,,salto,0,0,0,0,
1943-12,,,salto,0,0,0,0,
1944-01,,,salto,0,0,0,0,
1944-02,,,salto,0,0,0,0,
1944-03,,,salto,0,0,0,0,
1944-04,,,salto,0,0,0,0,
1944-05,,,salto,0,0,0,0,
1944-06,,,salto,0,0,0,0,
1944-07,,,salto,0,0,0,0,
1944-08,,,salto,0,0,0,0,
1944-09,,,salto,0,0,0,0,
1944-10,,,salto,0,0,0,0,
1944-11,,,salto,0,0,0,0,
1944-12,,,salto,0,0,0,0,
1945-01,V,1936-1939,sesion,1,27,8027,9,1
1945-02,V,1936-1939,sin_sesion,0,0,0,0,
1945-03,V,1936-1939,sin_sesion,0,0,0,0,
1945-04,V,1936-1939,sin_sesion,0,0,0,0,
1945-05,V,1936-1939,sin_sesion,0,0,0,0,
1945-06,V,1936-1939,sin_sesion,0,0,0,0,
1945-07,V,1936-1939,sin_sesion,0,0,0,0,
1945-08,V,1936-1939,sesion,1,5,1473,1,1
1945-09,V,1936-1939,sin_sesion,0,0,0,0,
1945-10,V,1936-1939,sin_sesion,0,0,0,0,
1945-11,V,1936-1939,sesion,3,178,65958,25,2
