rep_id,nombre,filas_v2,palabras_v2,filas_v2_presidencia,palabras_v2_presidencia,filas_v3,palabras_v3,cambio_palabras
133,Julián Besteiro,21730,1028999,21680,995577,21754,459111,-0.553828
20,Santiago Alba,14508,1024975,14240,937686,14559,337782,-0.670449
754,Indalecio Prieto,1000,554773,0,0,1016,521742,-0.05954
821,Antonio Royo Villanova,1037,548622,0,0,1042,534408,-0.025909
89,Manuel Azaña,430,480546,0,0,439,490603,0.020928
422,Rafael Guerra del Río,965,289816,0,0,970,278933,-0.037551
98,José Antonio Balbontín,767,287497,0,0,771,277533,-0.034658
470,José María Lamamié de Clairac,514,276779,0,0,515,272239,-0.016403
208,Cándido Casanueva,2286,272125,1161,46355,2296,232783,-0.144573
456,Manuel Giménez Fernández,1903,270505,1562,69004,1917,224505,-0.170052
380,José María Gil Robles,614,263006,0,0,621,267188,0.015901
103,Augusto Barcia,532,257647,0,0,534,253789,-0.014974
170,José Calvo Sotelo,245,252263,0,0,247,247593,-0.018512
672,Eduardo Ortega y Gasset,579,232124,0,0,581,226570,-0.023927
550,Diego Martínez Barrio,1986,217271,1788,141436,1993,116241,-0.464995
790,Cirilo del Río,528,198256,0,0,517,169216,-0.146477
804,Luis Rodríguez de Viguri,682,184811,0,0,684,181922,-0.015632
229,Joaquín Chapaprieta,377,174355,0,0,379,172858,-0.008586
538,Manuel Marraco,908,170128,479,11552,915,153359,-0.098567
722,Joaquín Pérez Madrigal,785,164124,0,0,815,159327,-0.029228
874,Felipe Sánchez Román,147,161551,0,0,149,165862,0.026685
209,Santiago Casares Quiroga,409,160911,0,0,445,169055,0.050612
548,Pedro Martín y Martín,263,156988,0,0,263,154050,-0.018715
386,Jerónimo Gomariz,855,156377,0,0,854,152223,-0.026564
166,Abilio Calderón,357,152486,0,0,359,148952,-0.023176
455,Luis Jiménez de Asúa,1084,149322,655,45912,1088,116885,-0.217229
231,José María Cid,265,148010,0,0,265,145617,-0.016168
863,Ricardo Samper,297,144527,0,0,303,143326,-0.00831
851,Rafael Salazar Alonso,531,144409,0,0,540,150320,0.040932
52,José María Álvarez Mendizábal,643,142407,0,0,645,140965,-0.010126
512,Dimas Madariaga,460,140968,0,0,442,124758,-0.114991
477,Antonio Lara,1105,140316,826,39060,1109,109277,-0.221208
581,Miguel Maura,392,139874,0,0,409,142471,0.018567
676,Ángel Ossorio Gallardo,454,134120,0,0,458,132481,-0.01222
345,Ángel Galarza,319,132332,0,0,318,130728,-0.012121
301,Ramón Feced,691,128849,0,0,698,119931,-0.069213
487,Alejandro Lerroux,134,123726,0,0,134,123472,-0.002053
385,Antonio Goicoechea,152,123659,0,0,153,123240,-0.003388
485,Jesús María Leizaola,266,123148,0,0,268,125811,0.021624
565,Salvador Martínez Moya,508,116421,0,0,510,114840,-0.01358
190,Jaime Carner,260,113134,0,0,265,110059,-0.02718
305,Federico Fernández Castillejo,359,112625,0,0,362,108525,-0.036404
298,Joaquín Fanjul,284,112070,0,0,299,111172,-0.008013
112,Eduardo Barriobero,296,107989,0,0,299,106138,-0.017141
791,Fernando de los Ríos,275,107811,0,0,284,111729,0.036341
673,José Ortega y Gasset,179,107131,0,0,180,105628,-0.01403
155,Juan Botella,261,105954,0,0,261,105132,-0.007758
558,Lucio Martínez Gil,292,105943,0,0,293,107227,0.01212
218,Juan Castrillo,838,102371,385,11967,838,97291,-0.049623
1011,Justo Villanueva,662,101778,0,0,661,98881,-0.028464
993,Juan Ventosa Calvell,112,99306,0,0,112,99262,-0.000443
1,Gerardo Abad Conde,268,97016,0,0,267,92922,-0.042199
435,Diego Hidalgo,188,95735,0,0,193,96320,0.006111
26,Álvaro de Albornoz,290,95700,0,0,297,96120,0.004389
257,Fermín Daza,274,94877,0,0,275,94390,-0.005133
107,Francisco Barnés,2221,94402,2104,62468,2219,65243,-0.308881
674,Tomás Ortiz de Solórzano,336,93294,0,0,336,89472,-0.040967
495,Francisco López de Goicoechea,316,92999,0,0,317,90999,-0.021506
911,Tomás Sierra Rustarazo,224,90153,0,0,223,88520,-0.018114
522,Daniel Mangrané,226,90088,0,0,232,85447,-0.051516
359,Jerónimo García Gallego,109,88567,0,0,114,83715,-0.054783
393,Ricardo Gómez Roji,170,88542,0,0,185,88289,-0.002857
28,Niceto Alcalá-Zamora,145,87989,0,0,150,86859,-0.012843
998,Miguel Vidal Guardiola,201,87911,0,0,202,87794,-0.001331
503,José López Varela,151,86245,0,0,160,101833,0.180741
399,José González Fernández de la Bandera,244,85445,0,0,244,74281,-0.130657
448,Manuel Irujo,250,85218,0,0,256,78061,-0.083985
991,Nicasio Velayos,197,84602,0,0,197,83567,-0.012234
521,Joaquín Manglano,186,82998,0,0,188,81301,-0.020446
97,Emilio Baeza Medina,715,81854,267,7704,717,76981,-0.059533
449,Enrique Izquierdo Jiménez,134,80232,0,0,136,78408,-0.022734
306,Luis Fernández Clérigo,402,79050,189,5251,404,76320,-0.034535
767,Pedro Rahola,733,78088,680,30509,732,54712,-0.299355
18,Rafael Aizpún,180,77243,0,0,182,75195,-0.026514
94,Mateo Azpeitia,295,76637,0,0,296,76357,-0.003654
534,Melchor Marial,167,74152,0,0,168,72216,-0.026109
362,Luis García Guijarro,119,73560,0,0,119,72969,-0.008034
77,Pedro Armasa,395,73351,0,0,397,68892,-0.06079
925,Ramón Suárez Picallo,84,73265,0,0,85,72760,-0.006893
55,Basilio Álvarez,137,72625,0,0,138,64499,-0.11189
32,Edmundo Alfaro,323,71565,0,0,301,9659,-0.865032
421,Santiago Guallar,122,71004,0,0,123,68861,-0.030181
57,Ramón Álvarez Valdés,156,70643,0,0,160,66099,-0.064323
412,Félix Gordón Ordás,119,69372,0,0,120,69305,-0.000966
96,Carlos Badía,99,69092,0,0,99,68396,-0.010074
774,Luis Recaséns Siches,129,68699,0,0,130,67618,-0.015735
923,Fernando Suárez de Tangil,298,68559,114,2921,298,65635,-0.042649
798,Juan José Rocha,242,67792,0,0,242,65755,-0.030048
87,Manuel Hilario Ayuso,356,67152,0,0,358,59762,-0.110049
280,Francisco Javier Elola,210,66417,0,0,213,63761,-0.03999
808,Antonio Rodríguez Pérez,339,66324,0,0,341,65681,-0.009695
479,Francisco Largo Caballero,192,65237,0,0,194,63755,-0.022717
556,José Martínez de Velasco,429,64058,259,8585,430,56299,-0.121125
884,Miguel Santaló,142,64024,0,0,145,62743,-0.020008
342,Santiago Fuentes Pila,216,63556,0,0,217,62770,-0.012367
47,Tomás Álvarez Angulo,182,62638,0,0,182,61829,-0.012915
857,Federico Salmón,121,62615,0,0,123,61509,-0.017663
64,José Andrés Manso,120,61555,0,0,122,60137,-0.023036
33,José Algora,165,61144,0,0,166,59794,-0.022079
384,José Giral,117,60851,0,0,118,60278,-0.009416
80,Gregorio Arranz,256,60503,129,7238,256,53684,-0.112705
420,Antonio Guallar,90,60439,0,0,91,59095,-0.022237
175,Clara Campoamor,202,59916,0,0,202,57836,-0.034715
973,Bernardino Valle,223,59630,0,0,225,58622,-0.016904
244,Luis Cornide,147,59425,0,0,148,57118,-0.038822
865,Claudio Sánchez Albornoz,171,59172,58,1703,171,57548,-0.027445
942,Romualdo de Toledo,99,58727,0,0,98,58230,-0.008463
783,Fernando Rey Mora,196,58451,0,0,198,54434,-0.068724
755,José Antonio Primo de Rivera,111,57252,0,0,111,56825,-0.007458
930,Antonio Taboada,334,57052,0,0,315,27742,-0.513742
54,Antonio Álvarez Robles,52,56952,0,0,52,56682,-0.004741
747,Joaquín Poza Juncal,228,56780,0,0,228,55869,-0.016044
749,José Prat,119,56605,0,0,119,54949,-0.029255
809,Santiago Rodríguez Piñero,192,56267,0,0,192,55073,-0.02122
670,Andrés Orozco,94,56092,0,0,97,55346,-0.0133
835,Mariano Ruiz-Funes,127,56054,0,0,128,55276,-0.013879
178,Juan Canales,184,55964,0,0,184,55243,-0.012883
290,Juan Estelrich,58,55786,0,0,58,55770,-0.000287
559,Esteban Martínez Hervás,80,55373,0,0,80,54891,-0.008705
823,José Tomás Rubio Chávarri,89,55337,0,0,90,55754,0.007536
436,José Horn,265,55232,0,0,267,48825,-0.116002
703,Tomás Peire,141,55213,0,0,146,53061,-0.038976
446,Vicente Iranzo,224,54924,0,0,224,54173,-0.013673
148,Cayetano Bolívar,148,54405,0,0,148,52416,-0.036559
43,Elfidio Alonso Rodríguez,242,54220,0,0,242,52212,-0.037034
272,Marcelino Domingo,116,53783,0,0,116,53401,-0.007103
1000,Juan Simeón Vidarte,223,53650,0,0,213,37434,-0.302255
908,Ramón Serrano Suñer,105,53492,0,0,106,52397,-0.02047
450,Antonio Jaén,117,53373,0,0,128,52831,-0.010155
985,Francisco Vega de la Iglesia,380,52583,0,0,380,52138,-0.008463
492,Juan Lluhí,179,51823,0,0,180,45610,-0.119889
59,Andrés Amado,36,51491,0,0,36,49491,-0.038842
392,Laureano Gómez Paratcha,1187,51442,1180,49981,1193,20116,-0.608958
836,Amós Ruiz Lecina,184,51328,0,0,186,49180,-0.041849
405,Manuel González Ramos,123,51043,0,0,123,47811,-0.063319
956,José Antonio Trabal,154,50621,0,0,151,44610,-0.118745
883,Juan José Santa Cruz,102,49840,0,0,105,50508,0.013403
841,Amós Sabrás,101,49717,0,0,101,48764,-0.019168
655,Emilio Niembro,115,49241,0,0,116,49179,-0.001259
953,Manuel Torres Campaña,211,49024,0,0,210,47495,-0.031189
319,Bibiano Fernández-Osorio,147,48407,0,0,149,46623,-0.036854
173,Francisco de Asís Cambó,32,48127,0,0,33,47647,-0.009974
39,Tomás Alonso de Armiño,169,47693,0,0,169,46050,-0.034449
700,Álvaro Pascual Leone,150,47070,0,0,150,45878,-0.025324
975,Eloy Vaquero,94,47035,0,0,95,45679,-0.02883
607,Ramón Molina,35,46882,0,0,36,44291,-0.055266
741,Leandro Pita Romero,103,45653,0,0,103,45414,-0.005235
394,Trifón Gómez,117,45520,0,0,119,45917,0.008721
784,Manuel Rico Avello,150,45274,0,0,152,43270,-0.044264
423,Juan Bautista Guerra,65,44958,0,0,65,44394,-0.012545
130,Antonio Bermúdez Cañete,67,44800,0,0,69,44266,-0.01192
304,Antonio Fernández-Bolaños,142,44694,0,0,142,39182,-0.123328
666,Marcelino de Oreja Elósegui,94,44466,0,0,94,43889,-0.012976
236,Jesús Comín,182,44026,0,0,184,43703,-0.007337
652,Juan Negrín,219,43955,0,0,223,55620,0.265385
334,Manuel Florensa,34,43308,0,0,35,41221,-0.04819
51,León Carlos Álvarez Lara,312,42869,0,0,312,41550,-0.030768
191,Ramón de Carranza,115,42835,6,334,116,39745,-0.072137
269,Fulgencio Díez Pastor,169,42662,0,0,174,38196,-0.104683
245,Pedro Corominas,56,42145,0,0,56,41894,-0.005956
970,Fernando Valera,78,41809,0,0,79,41415,-0.009424
458,Antonio Jiménez Jiménez,115,41568,0,0,116,40819,-0.018019
524,José Manteca,78,41462,0,0,79,41213,-0.006005
491,Rodolfo Llopis,81,41314,0,0,78,37256,-0.098223
462,César Juarros,104,41143,0,0,103,40796,-0.008434
157,Jerónimo Bugeda,62,40822,0,0,62,40765,-0.001396
184,Dionisio Cano López,194,40688,0,0,196,40118,-0.014009
1007,Ignacio Villalonga,163,40591,0,0,163,39593,-0.024587
786,Pedro Rico López,134,40483,0,0,135,39451,-0.025492
735,Antonio Pildain,41,40352,0,0,41,38664,-0.041832
995,Isidoro Vergara,238,40321,0,0,238,39823,-0.012351
772,Enrique Ramos,109,40135,0,0,104,33276,-0.170898
1026,Luis Zulueta,62,40110,0,0,62,39926,-0.004587
681,Joaquín de Pablo-Blanco,65,39629,0,0,67,35672,-0.099851
994,Juan Ventosa,77,39314,0,0,77,39025,-0.007351
905,José Serrano Batanero,132,38517,0,0,132,36872,-0.042708
134,Joaquín Beúnza,109,38422,0,0,110,37606,-0.021238
85,José Ayats,58,38179,0,0,60,33539,-0.121533
920,Rodrigo Soriano,179,38169,0,0,181,38036,-0.003485
401,Emilio González López,113,37760,0,0,112,35449,-0.061202
958,Antonio Tuñón de Lara,470,37069,427,13989,472,28981,-0.218188
292,Francisco Estévanez,38,36996,0,0,46,37251,0.006893
138,José María Blanc,159,36772,0,0,159,35606,-0.031709
814,Antonio Roma y Rubies,199,36528,0,0,199,34897,-0.044651
263,Juan Díaz del Moral,47,36302,0,0,51,35867,-0.011983
40,Bruno Alonso González,92,36289,0,0,92,34729,-0.042988
90,Emilio Azarola,47,36202,0,0,47,36202,0.0
210,Hermenegildo Casas,115,35911,0,0,116,32997,-0.081145
25,José María Albiñana,70,35801,0,0,94,42173,0.177984
273,Tomás Domínguez Arévalo,88,35618,0,0,88,33178,-0.068505
894,Antonio María Sbert,60,35456,0,0,60,35396,-0.001692
308,Herminio Fernández de la Poza,80,35367,0,0,82,35103,-0.007465
144,Manuel Blasco Garzón,100,35210,0,0,101,35207,-8.5e-05
745,Manuel Portela Valladares,92,34937,0,0,92,34594,-0.009818
50,Melquíades Álvarez,18,34917,0,0,18,34917,0.0
683,Jesús Pabón,50,34784,0,0,50,34239,-0.015668
70,Fermín Aranda,146,34443,0,0,146,34162,-0.008158
242,Luis Cordero,164,34268,0,0,164,33527,-0.021624
356,Miguel García-Bravo Ferrer,72,34135,0,0,72,33991,-0.004219
370,Alfonso García Valdecasas,101,34101,0,0,101,33491,-0.017888
769,Aurelio Ramos Acosta,80,32862,0,0,81,31490,-0.04175
340,Gabriel Franco López,115,32525,0,0,115,31759,-0.023551
653,Margarita Nelken,71,31338,0,0,71,31018,-0.010211
1005,Antonio de la Villa,111,31138,0,0,111,30471,-0.021421
45,Héctor Altabás,123,30893,0,0,124,29517,-0.044541
16,José Antonio Aguirre,47,30886,0,0,47,29919,-0.031309
164,Antonio Cabrera,42,30489,0,0,43,30004,-0.015907
135,Crescenciano Bilbao Castellanos,41,30324,0,0,41,29548,-0.02559
579,Mariano Matesanz,67,30285,0,0,70,22762,-0.248407
988,Antonio Velao,72,30230,0,0,73,30259,0.000959
48,José Álvarez Buylla,51,29804,0,0,51,29548,-0.008589
68,Amadeo Aragay,76,29731,0,0,76,29681,-0.001682
906,Emilio Alfredo Serrano Jover,89,29383,0,0,89,28937,-0.015179
146,Fermín Blázquez,96,29092,0,0,97,27720,-0.047161
329,Gonzalo Figueroa O'Neill,39,28938,0,0,39,28838,-0.003456
979,Eugenio Vázquez Gundín,49,28750,0,0,49,27655,-0.038087
315,José María Fernández Ladreda,165,28745,0,0,165,28184,-0.019516
22,Gumersindo Alberca Montoya,84,28642,0,0,84,27968,-0.023532
909,Vicente Sierra Martínez,95,28590,0,0,95,28148,-0.01546
847,Pedro Sainz Rodríguez,40,28481,0,0,40,28416,-0.002282
363,Joaquín García Hidalgo,42,28383,0,0,45,28630,0.008702
415,Anastasio de Gracia,102,28377,0,0,102,27817,-0.019734
472,Ramón Lamoneda,49,28368,0,0,47,27555,-0.028659
918,Vicente Solé de Sojo,125,28252,0,0,126,28674,0.014937
439,Amadeo Hurtado,25,28179,0,0,27,27280,-0.031903
708,Matías Peñalba,133,28131,0,0,135,25919,-0.078632
443,Emiliano Iglesias y Ambrosio,73,27895,0,0,73,26897,-0.035777
904,Manuel Serra Moret,84,27755,0,0,83,27525,-0.008287
668,Jaime Oriol de la Puerta,46,27676,0,0,47,27420,-0.00925
794,Ángel Rizo,39,27503,0,0,39,22929,-0.166309
195,Manuel Carrasco y Formiguera,85,27085,0,0,85,26821,-0.009747
868,José Sánchez-Covisa,190,26988,0,0,190,25462,-0.056544
282,Isidro Escandell,53,26383,0,0,53,26383,0.0
612,Daniel Mondéjar,138,25939,0,0,138,25639,-0.011566
631,Mariano Moreno Mateo,102,25513,0,0,102,24671,-0.033003
957,José María Trías de Bes,50,25066,0,0,50,25005,-0.002434
65,Mariano Ansó,97,24868,0,0,92,15002,-0.396735
438,José María Hueso,64,24777,0,0,64,24716,-0.002462
466,Julio Just,49,24637,0,0,49,24627,-0.000406
27,Nicolás Alcalá Espinosa,39,24278,0,0,39,23853,-0.017506
177,Antonio Canales,79,24140,0,0,79,24055,-0.003521
840,Andrés Saborit,100,24107,0,0,100,23922,-0.007674
718,Alonso Pérez Díaz,61,24087,0,0,62,23794,-0.012164
705,Joaquín Pellicena,55,23901,0,0,54,23713,-0.007866
192,Geminiano Carrascal,25,23817,0,0,26,20327,-0.146534
628,José Moreno Galvache,56,23663,0,0,56,23452,-0.008917
30,Ramón María Aldasoro,105,23435,0,0,101,16204,-0.308556
776,Joaquín Reig,48,23312,0,0,48,23234,-0.003346
889,Juan Sapiña,138,23143,0,0,139,22772,-0.016031
803,Romualdo Rodríguez de Vera,71,22984,0,0,71,19961,-0.131526
916,Felipe de Solá y Cañizares,49,22728,0,0,50,22853,0.0055
864,Miguel San Andrés,119,22588,0,0,119,22547,-0.001815
806,Adolfo Rodríguez Jurado,69,22387,0,0,69,22358,-0.001295
541,Juan Luis Martín de Antonio,119,22126,0,0,119,21799,-0.014779
296,Luis Fábrega,97,22055,0,0,97,20019,-0.092315
688,José Palanco,142,21892,0,0,143,21719,-0.007902
289,José Estadella,39,21661,0,0,39,21551,-0.005078
88,Bernardo Aza,106,21583,0,0,106,20848,-0.034055
445,José Luis Illanes,82,21424,0,0,83,21799,0.017504
537,Andrés Maroto,47,21330,0,0,47,21288,-0.001969
678,Ramón Otero Pedrayo,33,21089,0,0,33,20937,-0.007208
638,José María Moutas,33,20828,0,0,33,20268,-0.026887
128,Víctor José Berjano,21,20370,0,0,21,20292,-0.003829
589,Teodomiro Menéndez,58,20223,0,0,66,20208,-0.000742
828,Luis Rufilanchas,46,20124,0,0,46,17807,-0.115136
604,Eduardo Molero,44,20042,0,0,44,19964,-0.003892
347,Alejandro Gallart,34,20018,0,0,34,20018,0.0
123,Luis Bello,105,19797,0,0,105,19325,-0.023842
9,Dimas Adánez,124,19688,0,0,125,18217,-0.074716
960,Miguel de Unamuno,22,19628,0,0,23,19390,-0.012126
702,Manuel Pedregal,121,19590,0,0,121,19516,-0.003777
127,José Berenguer,93,19552,0,0,93,19366,-0.009513
117,Francisco Bastos,37,19473,0,0,37,19148,-0.01669
44,Manuel Alonso Zapata,80,19460,0,0,81,18929,-0.027287
142,José Blanco Rodríguez,37,19442,0,0,37,18704,-0.037959
915,Vicente Sol,19,19410,0,0,19,19410,0.0
651,Ramón Navarro Vives,97,19310,0,0,98,18641,-0.034645
171,Luciano de la Calzada,23,19237,0,0,23,17420,-0.094453
239,Luis Companys,88,18974,0,0,88,18944,-0.001581
629,Francisco Moreno Herrera,107,18811,0,0,107,18577,-0.01244
517,Ramiro de Maeztu,36,18779,0,0,36,18678,-0.005378
457,Manuel Jiménez García de la Serrana,22,18713,0,0,22,18713,0.0
801,Alfonso Daniel Rodríguez Castelao,23,18648,0,0,23,17850,-0.042793
73,Eugenio Arauz,32,18539,0,0,32,17643,-0.048331
7,Antonio Acuña,52,18476,0,0,53,18434,-0.002273
764,Alberto de Quintana de León,79,18464,0,0,79,18388,-0.004116
730,Ángel Pestaña,25,18055,0,0,25,18055,0.0
618,Luis Montes López de la Torre,33,17921,0,0,33,17743,-0.009932
261,José Díaz Ambrona,43,17905,0,0,43,17849,-0.003128
632,Manuel Moreno Mendoza,35,17845,0,0,35,17145,-0.039227
816,José Romero Radigales,65,17723,0,0,65,17362,-0.020369
115,Severino Barros de Lis,63,17580,0,0,63,17012,-0.032309
582,Honorio Maura,74,17557,0,0,75,17661,0.005924
332,Álvaro Figueroa y Torres,23,17138,0,0,23,17115,-0.001342
1020,Ricardo Zabalza,19,17100,0,0,19,17062,-0.002222
2,Raimundo de Abadal,19,17054,0,0,19,16979,-0.004398
167,Juan Calot,79,16878,0,0,79,16535,-0.020322
232,José Cimas Leal,44,16835,0,0,44,16835,0.0
648,Antonio Navajas,62,16810,0,0,62,16007,-0.047769
228,Adolfo Chacón,31,16793,0,0,31,14239,-0.152087
95,Ubaldo de Azpiazu,84,16731,0,0,84,16526,-0.012253
691,Juan J. Palomino,26,16695,0,0,26,16668,-0.001617
819,José Rosado Gil,47,16693,10,70,47,16319,-0.022405
939,José Terrero,62,16627,0,0,62,16551,-0.004571
372,Luis García y García Lozano,93,16484,0,0,93,16449,-0.002123
654,Luis Nicoláu d'Olwer,38,16457,0,0,38,15005,-0.08823
337,José Franchy Roca,48,16415,0,0,48,16415,0.0
549,José Martínez Arenas,61,16224,0,0,61,14897,-0.081792
748,Gabriel Pradal,94,16158,0,0,94,15795,-0.022466
513,Salvador Madariaga,36,15987,0,0,36,15944,-0.00269
352,Manuel García Atance,37,15711,0,0,37,15604,-0.006811
339,Ramón Franco Bahamonde,53,15654,0,0,54,15885,0.014757
338,Enrique de Francisco,38,15645,0,0,38,15645,0.0
623,Juan Morán,77,15635,0,0,77,15413,-0.014199
1003,Gregorio Vilatela,41,15624,0,0,41,14695,-0.05946
383,Bernardo Giner de los Ríos,46,15587,0,0,47,11663,-0.251748
454,Luis Giménez Canga-Argüelles,28,15518,0,0,29,15665,0.009473
153,Francisco Javier Bosch Marín,23,15485,0,0,23,15485,0.0
742,Gustavo Pittaluga,24,15378,0,0,24,14958,-0.027312
892,Venancio Sarriá,52,15203,0,0,54,12701,-0.164573
407,Ramón González Sicilia,42,15182,0,0,42,14919,-0.017323
125,Félix Eleuterio Benítez de Lugo,19,14908,0,0,19,14713,-0.01308
680,Andrés Ovejero,11,14884,0,0,11,14884,0.0
189,Juan Antonio de Careaga,78,14864,0,0,82,14791,-0.004911
839,Luis Ruiz Valdepeñas,31,14707,0,0,31,10732,-0.270279
174,Rafael Campaláns,18,14646,0,0,18,14624,-0.001502
299,Vicente Fatrás,35,14607,0,0,35,14607,0.0
251,Ricardo Crespo,64,14424,0,0,64,14412,-0.000832
948,Matilde de la Torre,10,14385,0,0,10,14235,-0.010428
932,Luis de Tapia,45,14223,0,0,45,13934,-0.020319
1019,José Xirau,21,14193,0,0,21,13935,-0.018178
696,José Pareja Yévenes,16,14184,0,0,18,15664,0.104343
684,Benito Pabón,24,14177,0,0,24,14146,-0.002187
611,José Moncasí,17,14077,0,0,17,13950,-0.009022
270,Manuel Dolcet,36,14044,0,0,36,13241,-0.057177
968,Faustino Valentín,37,13944,0,0,37,13855,-0.006383
913,Jaime Simó Bofarull,33,13704,0,0,33,13323,-0.027802
977,Pedro Vargas,38,13685,0,0,39,13299,-0.028206
880,Casimiro de Sangenís,18,13619,0,0,19,14934,0.096556
181,Antonio Cañizares,23,13572,0,0,25,12996,-0.04244
944,José Tomás y Piera,57,13534,0,0,57,12870,-0.049062
656,Alfredo Nistal,82,13298,0,0,82,13053,-0.018424
531,Tomás Marcos Escribano,16,13295,0,0,16,13295,0.0
136,Esteban Bilbao y Eguía,12,13291,0,0,12,13291,0.0
310,Eladio Fernández Egocheaga,34,13286,0,0,34,13253,-0.002484
812,Mariano Rojo,32,13145,0,0,33,12215,-0.070749
223,Pablo Ceballos,22,13130,0,0,22,12006,-0.085605
642,Alfonso Muñoz de Diego,23,13046,0,0,23,13046,0.0
724,Antonio Pérez Torreblanca,20,13005,0,0,20,12834,-0.013149
1018,Antonio Xirau,41,12849,0,0,42,13598,0.058292
365,Antonio García Prieto,16,12762,0,0,16,12762,0.0
574,José Mascort,30,12617,0,0,30,12378,-0.018943
104,Luis Bardají,48,12449,0,0,48,9999,-0.196803
81,Mariano Arrazola,87,12404,0,0,87,11751,-0.052644
657,Ramón Nogués,8,12375,0,0,8,12375,0.0
598,Antonio Mije,6,12196,0,0,6,10695,-0.123073
187,Ramón Cantos Saiz de Carlos,24,12194,0,0,24,12067,-0.010415
56,Manuel Álvarez Ugena,61,12109,0,0,61,11337,-0.063754
895,Salvador Sediles,55,12077,0,0,55,12026,-0.004223
900,Francisco Senyal,57,12063,0,0,59,8846,-0.266683
777,José Reino Caamaño,32,12035,0,0,32,11601,-0.036061
869,Ricardo Sánchez de Movellán,20,11997,0,0,20,11875,-0.010169
129,Manuel Bermejillo,10,11916,0,0,10,11916,0.0
404,Ramón González Peña,9,11871,0,0,9,11871,0.0
910,Manuel Sierra Pomares,26,11863,0,0,26,11820,-0.003625
93,Francisco Azorín,101,11610,0,0,101,11391,-0.018863
83,Benito Artigas Arpón,14,11595,0,0,16,10280,-0.113411
636,Gabriel Morón,23,11540,0,0,23,11527,-0.001127
243,Manuel Cordero Pérez,36,11344,0,0,36,11328,-0.00141
687,José Alberto Palanca,30,11244,0,0,30,10760,-0.043045
483,Eduardo Layret,66,11243,0,0,66,11051,-0.017077
19,Luis Alarcón,8,11236,0,0,8,11230,-0.000534
610,Francisco Moltó,23,11062,0,0,23,11062,0.0
529,Vicente Marco Miranda,46,11019,0,0,45,9525,-0.135584
690,Domingo Palet,65,10923,0,0,65,10651,-0.024902
417,Miguel Granados,82,10897,0,0,68,2604,-0.761035
1006,Filiberto Villalobos,22,10870,0,0,22,10730,-0.012879
952,Humberto Torres Barberá,5,10868,0,0,6,10877,0.000828
182,José Cano Coloma,19,10794,0,0,19,10794,0.0
757,José Puig de Asprer,90,10726,0,0,90,9987,-0.068898
217,Enrique del Castillo Folache,43,10686,0,0,43,10686,0.0
818,Luis Romero Solano,23,10663,0,0,23,10409,-0.023821
490,José Lladó,22,10645,0,0,22,10436,-0.019634
507,Edmundo Lorenzo,18,10605,0,0,18,10605,0.0
287,Rafael Esparza,20,10412,0,0,20,10056,-0.034191
140,Carlos Blanco,42,10175,0,0,42,10168,-0.000688
15,Manuel Aguillaume,14,10074,0,0,14,10033,-0.00407
441,Dolores Ibárruri,8,10073,0,0,8,10073,0.0
260,Perfecto Díaz Alonso,49,10014,0,0,49,8784,-0.122828
141,Benito Blanco-Rajoy,47,9972,0,0,50,9757,-0.02156
254,Enrique Cuartero,29,9948,0,0,29,9948,0.0
624,Francisco Morayta,48,9709,0,0,48,9434,-0.028324
972,José María Valiente,6,9697,0,0,7,9065,-0.065175
938,Ramón María Tenreiro,22,9674,0,0,23,8863,-0.083833
873,Antonio L. Sánchez Prados,31,9665,0,0,31,9665,0.0
99,José Ballester,89,9649,0,0,89,9183,-0.048295
829,Ramón Ruiz Alonso,47,9648,0,0,47,9638,-0.001036
940,Juan Tirado,20,9586,0,0,20,9554,-0.003338
590,Ángel Menéndez Suárez,42,9480,0,0,48,12790,0.349156
914,Casto Simón Castillo,21,9459,0,0,21,9392,-0.007083
788,Pedro Riera Vidal,14,9455,0,0,15,8713,-0.078477
644,Manuel Muñoz Martínez,42,9371,0,0,42,9371,0.0
42,Antonio Alonso Ríos,20,9314,0,0,20,9286,-0.003006
698,Marcelino Pascua,28,9285,0,0,29,5828,-0.372321
600,José Miñones,51,9085,0,0,56,7947,-0.125261
877,José Sanchís Banús,10,8990,0,0,10,8990,0.0
833,José Ruiz del Toro,19,8978,0,0,19,7529,-0.161395
658,Roberto Novoa Santos,2,8885,0,0,2,8885,0.0
58,Romualdo Alvargonzález,18,8745,0,0,18,8720,-0.002859
440,José Ibáñez Martín,13,8673,0,0,13,8511,-0.018679
371,Ángel García Vedoya,15,8641,0,0,17,8674,0.003819
266,José Díaz Ramos,8,8609,0,0,8,8609,0.0
831,Manuel Ruiz de Villa,6,8481,0,0,6,8481,0.0
936,José Templado,45,8286,0,0,45,8262,-0.002896
14,Juan María Aguilar Calvo,14,8218,0,0,14,8016,-0.02458
410,José Fernando González Uña,11,8205,0,0,12,6407,-0.219135
630,Antonio Moreno Jover,15,8108,0,0,15,7865,-0.02997
8,José Acuña y Gómez de la Torre,14,8103,0,0,14,8033,-0.008639
738,Luis Piñol,13,8086,0,0,13,8049,-0.004576
476,Federico Landrove,10,7909,0,0,10,7523,-0.048805
843,Manuel Saco Rivera,13,7790,0,0,13,7771,-0.002439
293,Martín Esteve,31,7711,0,0,33,7024,-0.089094
692,Emilio Palomo,21,7623,0,0,21,7385,-0.031221
400,Francisco González García,21,7608,0,0,21,7608,0.0
331,Álvaro de Figueroa y Alonso Martínez,8,7476,0,0,8,7476,0.0
542,Arturo Martín de Nicolás,28,7471,0,0,28,6577,-0.119663
557,Alfredo Martínez García Argüelles,36,7424,21,430,37,9276,0.249461
965,Juan Usabiaga,24,7423,0,0,24,7375,-0.006466
226,Francisco Cervera,8,7365,0,0,8,7033,-0.045078
224,José Centeno,39,7356,0,0,39,7279,-0.010468
879,Miguel Sancho Izquierdo,40,7300,0,0,40,7203,-0.013288
667,Fernando Oria de Rueda,7,7233,0,0,7,7233,0.0
118,Joaquín Bau,18,7120,0,0,18,7077,-0.006039
917,Emilio de Solá,14,7068,0,0,14,6932,-0.019242
447,Juan Antonio Irazusta,31,7060,0,0,31,6382,-0.096034
855,José Salmerón,53,6967,0,0,53,6958,-0.001292
775,Cayetano Redondo,14,6918,0,0,15,6903,-0.002168
825,Ángel Rubio,3,6908,0,0,3,6908,0.0
782,Andrés Revuelta Melgarejo,12,6850,0,0,12,6850,0.0
17,Francisco Agustín,6,6781,0,0,6,6781,0.0
381,Ramón Gil Roldán,16,6737,0,0,16,6699,-0.00564
882,Primitivo Santa Cecilia,8,6719,0,0,8,6716,-0.000446
76,José Arizcún,36,6693,0,0,36,6282,-0.061407
311,Adolfo Fernández Gutiérrez,17,6681,0,0,17,6681,0.0
862,Ángel Samblancat,7,6629,0,0,7,6629,0.0
376,Fernando Gasset,35,6566,0,0,37,6728,0.024673
474,Francisco Javier de Landaburu,26,6550,0,0,26,6496,-0.008244
533,José Mareque,7,6479,0,0,7,6479,0.0
634,Adolfo Moreno Quesada,17,6473,0,0,17,6473,0.0
562,Pedro Martínez Juárez,13,6448,0,0,13,6371,-0.011942
484,Felipe Lazcano,4,6427,0,0,4,6427,0.0
737,Eduardo Piñán,24,6424,0,0,29,6693,0.041874
961,Vicente Uribe,10,6414,0,0,10,6414,0.0
433,Carlos Hernández Zancajo,7,6297,0,0,7,6297,0.0
838,Ramón Ruiz Rebollo,22,6238,0,0,23,6664,0.068291
1024,Julián Zugazagoitia,7,6206,0,0,7,6206,0.0
430,Luis Hermida,4,6193,0,0,4,6193,0.0
348,Juan Antonio Gamazo,15,6170,0,0,15,5159,-0.163857
84,Félix Avia,5,6062,0,0,6,5640,-0.069614
992,Dámaso Vélez,32,6048,0,0,36,7570,0.251653
888,Martín Sanz Díez,4,5955,0,0,4,5955,0.0
312,Luis Fernández Heredia,4,5935,0,0,4,4703,-0.207582
71,Luis Araquistáin,12,5882,0,0,13,5838,-0.00748
669,José Luis de Oriol,21,5844,0,0,21,5788,-0.009582
1023,José Luis Zamanillo,35,5811,0,0,37,6188,0.064877
583,Joaquín Maurín,8,5791,0,0,9,5270,-0.089967
102,Sebastián Banzo,2,5741,0,0,2,5741,0.0
615,José Montero Tirado,22,5733,0,0,22,5714,-0.003314
120,Manuel Beca,44,5657,0,0,44,5657,0.0
82,Andrés de Arroyo,14,5617,0,0,14,5602,-0.00267
699,Teodoro Pascual Cordero,23,5584,0,0,23,5584,0.0
739,Fernando Piñuela,19,5578,0,0,18,5203,-0.067228
509,Luis Lucía,15,5569,0,0,15,5566,-0.000539
382,Gil Gil,32,5375,0,0,32,5227,-0.027535
277,Carlos Echeguren,21,5362,0,0,21,4998,-0.067885
951,Ángel Torres Alonso,16,5309,0,0,16,5302,-0.001319
820,José Royo Gómez,6,5303,0,0,6,2482,-0.531963
21,Manuel Albar,14,5282,0,0,14,5282,0.0
810,Vicente de Roig Ibáñez,37,5212,0,0,37,4762,-0.086339
1008,Miguel Villalta,29,5200,0,0,29,5200,0.0
86,Julián Ayesta,18,5180,0,0,18,4738,-0.085328
465,José Antonio Junco Toral,2,5160,0,0,2,5160,0.0
978,Daniel Vázquez Campo,18,5109,0,0,18,5109,0.0
872,Francisco de Asís Sánchez Miranda,5,5068,0,0,5,5068,0.0
576,Luis Massot,8,5063,0,0,8,5063,0.0
38,Gabriel Alomar,45,5033,0,0,45,4982,-0.010133
832,Jesús Ruiz del Río,18,5027,0,0,18,4803,-0.044559
271,Andrés Domingo Martínez,4,5019,0,0,4,5019,0.0
779,Jesús Requejo,10,4943,0,0,11,4985,0.008497
805,Luis Rodríguez Figueroa,5,4845,0,0,5,4845,0.0
844,Antonio Sacristán,32,4828,0,0,32,4628,-0.041425
75,Luis Arellano,22,4825,0,0,22,4781,-0.009119
826,Mariano Rubio Tuduri,3,4817,0,0,3,4817,0.0
1012,Antonio Villar Ponte,11,4802,0,0,11,4802,0.0
326,Benigno Ferrer Domingo,27,4743,0,0,27,4743,0.0
603,Esteban Mirasol,40,4731,0,0,40,4479,-0.053266
147,Francisca Bohigas,10,4703,0,0,10,4590,-0.024027
325,Lauro Fernández y González,10,4668,0,0,10,4629,-0.008355
526,Juan March,10,4635,0,0,10,4635,0.0
572,Carlos Martínez y Martínez,11,4611,0,0,11,4593,-0.003904
377,Ventura Gassol,7,4552,0,0,7,4552,0.0
281,Enrique Esbrí,2,4542,0,0,2,4542,0.0
635,José Moreno Torres,18,4536,0,0,18,4498,-0.008377
594,José Mesa,11,4529,0,0,11,4529,0.0
540,Javier Martín Artajo,19,4506,0,0,20,4210,-0.06569
408,Eusebio González Suárez,11,4491,0,0,11,4463,-0.006235
346,Lorenzo Gallardo,4,4431,0,0,4,4431,0.0
464,José María Julián Gil,13,4404,0,0,13,4317,-0.019755
771,Antonio Ramos González,15,4390,0,0,15,4390,0.0
945,Pascual Tomás Taengua,12,4364,0,0,12,4327,-0.008478
566,Juan Martínez Ortiz,5,4313,0,0,5,4313,0.0
35,Rodrigo Almada,19,4279,0,0,19,4234,-0.010516
989,Luis Velasco,7,4246,0,0,7,4246,0.0
154,Enrique Heraclio Botana,51,4228,0,0,52,4177,-0.012062
984,Fernando Vega Bermejo,21,4227,0,0,21,4078,-0.03525
569,Ginés Martínez Rubio,10,4201,0,0,10,3976,-0.053559
91,Justino de Azcárate,44,4195,0,0,44,3948,-0.05888
411,Julio Gonzalo Soto,9,4177,0,0,9,4177,0.0
132,Antonio Bernabeu,13,4169,0,0,13,3672,-0.119213
545,Marcelino Martín González del Arco,34,4137,0,0,34,4011,-0.030457
442,Manuel Iglesias Corral,12,4082,0,0,12,4082,0.0
480,José María Lasarte Arana,3,4067,0,0,3,4067,0.0
180,José Teodoro Canet,12,4053,0,0,12,1174,-0.710338
219,Honorato de Castro,51,4049,0,0,51,3798,-0.061991
510,Benito Luna,9,4017,0,0,9,3808,-0.052029
288,Carlos Esplá,13,4006,0,0,13,3989,-0.004244
711,Robustiano Pérez Arroyo,2,3958,0,0,2,3958,0.0
321,Ángel Fernández Ruano,16,3934,0,0,16,3921,-0.003305
201,Wenceslao Carrillo,39,3934,0,0,40,3786,-0.037621
536,Rafael Marín Lázaro,3,3931,0,0,3,3931,0.0
552,Luis Martínez Carvajal,7,3898,0,0,7,3879,-0.004874
717,Eduardo Pérez del Molino,22,3896,0,0,22,3733,-0.041838
497,Luis López Dóriga,15,3858,0,0,15,3419,-0.11379
706,José María Pemán,4,3801,0,0,4,3801,0.0
406,Julio González Sandoval,7,3789,0,0,7,3775,-0.003695
608,Francisco Molleda,8,3788,0,0,8,3741,-0.012408
395,Pedro Vicente Gómez Sánchez,19,3764,0,0,19,3764,0.0
799,Felipe Rodés,1,3689,0,0,1,3689,0.0
508,Juan Lozano,8,3687,0,0,8,3482,-0.055601
871,José Sánchez Guerra,23,3677,0,0,23,3665,-0.003264
731,Joaquín Pi y Arsuaga,11,3651,0,0,11,3609,-0.011504
999,Lorenzo Vidal Tolosana,13,3647,0,0,13,3241,-0.111324
795,Francisco Roa,1,3591,0,0,1,3591,0.0
824,Pedro Rubio Heredia,10,3574,0,0,10,3569,-0.001399
721,Manuel Pérez Jofre,13,3570,0,0,13,3332,-0.066667
452,Julio Jáuregui Lasanta,4,3480,0,0,4,3480,0.0
179,José Antonio Canals,16,3394,0,0,16,3394,0.0
539,Antonio Martí Olucha,8,3366,0,0,8,3366,0.0
379,Felipe Gil Casares,22,3352,0,0,22,3068,-0.084726
661,Eduardo O'Shea,31,3266,0,0,40,5695,0.743723
262,Emiliano Díaz Castro,1,3261,0,0,1,3261,0.0
368,Joaquín García Ribes,6,3214,0,0,6,2848,-0.113877
143,Sigfrido Blasco-Ibáñez,3,3194,0,0,3,3194,0.0
461,Mariano Joven,8,3178,0,0,8,1361,-0.571743
506,Manuel Lorenzo Pardo,2,3162,0,0,2,3162,0.0
413,Miguel Gortari,4,3158,0,0,4,2906,-0.079797
896,Ángel Segovia,18,3147,0,0,18,2987,-0.050842
619,Francisco Félix Montiel,5,3129,0,0,5,3129,0.0
467,Victoria Kent,12,3110,0,0,12,3110,0.0
119,Ramón Beade,14,3045,0,0,14,3045,0.0
627,Julio Moreno Dávila,6,2997,0,0,6,2997,0.0
328,Juan Ferret,17,2978,0,0,17,2978,0.0
238,Juan Company Jiménez,6,2909,0,0,6,2909,0.0
233,Fernando Coca,12,2900,0,0,12,2900,0.0
494,Juan Loperena,18,2861,0,0,18,2705,-0.054526
486,María Lejárraga,7,2856,0,0,9,1303,-0.543768
518,Antonio Mairal,10,2854,0,0,10,2629,-0.078837
620,Telesforo Monzón,12,2825,0,0,12,2825,0.0
899,Juan Sentís Nogués,10,2820,0,0,10,2214,-0.214894
586,Rafael Melgarejo,5,2796,0,0,5,2796,0.0
41,Domingo Alonso,3,2711,0,0,3,2711,0.0
898,Juan Selvas,4,2692,0,0,4,2692,0.0
733,Rafael Picavea,12,2690,0,0,12,2516,-0.064684
707,Luis Peña Novo,1,2631,0,0,1,2631,0.0
778,Salvador Represa,5,2614,0,0,5,2566,-0.018363
570,Pascual Martínez Sala,5,2575,0,0,5,2575,0.0
388,Aurelio Gómez González,13,2538,0,0,13,1985,-0.217888
344,José Gafo,5,2506,0,0,5,2506,0.0
716,José Pérez de Rozas,28,2493,0,0,29,2822,0.13197
221,Roberto Castrovido,11,2491,0,0,11,2413,-0.031313
765,Alfonso Quintana Peña,10,2456,0,0,10,2456,0.0
354,José García Berlanga,12,2450,0,0,12,2328,-0.049796
378,Ángeles Gil Albarellos,2,2437,0,0,3,2394,-0.017645
351,Leopoldo Alas,15,2424,0,0,15,2424,0.0
758,Luis Puig de la Bellacasa,27,2422,0,0,28,4290,0.771263
216,Federico del Castillo Extremera,7,2415,0,0,7,2415,0.0
990,Luis Velasco Damas,6,2388,0,0,6,2388,0.0
837,José María Ruiz Pérez Aguila,8,2328,0,0,8,2170,-0.067869
800,Alejandro Rodríguez Cadarso,5,2320,0,0,5,2320,0.0
553,José Martínez de Azagra,3,2287,0,0,4,1848,-0.191955
551,Pedro Martínez Cartón,9,2279,0,0,9,2167,-0.049144
876,José María Sánchez Ventura,4,2269,0,0,4,2269,0.0
763,Juan Pujol,11,2269,0,0,11,2269,0.0
453,Francisco de Paula Jené,7,2239,0,0,7,2239,0.0
62,Luis Amores,3,2185,0,0,3,2182,-0.001373
848,Fernando Sainz Ruiz,9,2154,0,0,9,2089,-0.030176
426,Nicasio Guisasola,3,2133,0,0,3,1793,-0.1594
626,Carlos Morenilla,12,2085,0,0,12,2085,0.0
853,Ramón Salgado,9,2058,0,0,9,1841,-0.105442
213,Ernesto Castaño,4,2048,0,0,4,2048,0.0
532,Agustín Marcos Escudero,3,2033,0,0,3,2033,0.0
1021,Luis Zaforteza,18,2009,0,0,18,1393,-0.30662
333,José Finat,7,2008,0,0,7,1515,-0.245518
854,Francisco de P. Salinas,3,1964,0,0,3,1964,0.0
295,Luis Fábrega,9,1955,0,0,9,1955,0.0
471,Vicente Lambies,1,1920,0,0,1,9,-0.995313
156,José Briansó Salvado,3,1893,0,0,3,1893,0.0
736,Rafael Pina Milán,1,1852,0,0,1,1852,0.0
891,Vicente Sarmiento,4,1843,0,0,4,1843,0.0
252,Tomás Cruz,2,1826,0,0,2,1826,0.0
419,José Grau,5,1732,0,0,5,1732,0.0
780,Antonio Reverte,8,1726,0,0,8,1726,0.0
247,Ricardo Cortes,5,1719,0,0,5,1719,0.0
316,Laureano Fernández Martos,6,1712,0,0,6,1712,0.0
451,Alejandro Jaume,3,1708,0,0,3,961,-0.437354
561,José María Martínez Jiménez,3,1707,0,0,3,1707,0.0
650,Jenaro Navarro López,9,1707,0,0,9,1707,0.0
320,Antonio Fernández Quer,1,1705,0,0,1,1705,0.0
856,Nicolás Salmerón,2,1690,0,0,3,3105,0.837278
870,Laureano Sánchez Gallego,4,1675,0,0,4,1675,0.0
926,Publio Suárez Uriarte,10,1652,0,0,10,1604,-0.029056
671,Daniel Ortega Martínez,2,1630,0,0,2,1630,0.0
294,Antonio Fabra Ribas,1,1588,0,0,1,1547,-0.025819
614,José María Montenegro,6,1575,0,0,6,1575,0.0
501,José López Quero,5,1531,0,0,5,1363,-0.109732
760,César Puig Martínez,4,1530,0,0,4,1298,-0.151634
122,Epifanio Belli,3,1485,0,0,3,1485,0.0
185,Blas Cantalapiedra,6,1477,0,0,6,1477,0.0
391,José Gómez Osorio,5,1456,0,0,5,1449,-0.004808
859,Amós Salvador,7,1453,0,0,7,1318,-0.092911
886,Bienvenido Santos,3,1452,0,0,3,1452,0.0
330,Manuel Figueroa Rojas,6,1416,0,0,6,1312,-0.073446
403,Ruperto González Negrín,4,1414,0,0,4,1374,-0.028289
109,Luis Barrena,17,1391,0,0,18,3865,1.778577
890,Ángel Sarmiento,2,1350,0,0,2,1151,-0.147407
659,Carlos Núñez Manso,4,1348,0,0,4,1348,0.0
1017,Agustín Virgili,5,1337,0,0,5,1337,0.0
622,José Morales Robles,2,1332,0,0,2,1332,0.0
463,Francisco Juliá Perelló,7,1301,0,0,7,1301,0.0
789,Honorio Riesgo,8,1298,6,392,8,978,-0.246533
568,Manuel Martínez Risco,3,1297,0,0,3,1297,0.0
796,Manuel Robles,3,1294,0,0,3,1178,-0.089645
264,José Díaz Fernández,9,1289,0,0,9,1289,0.0
515,Tomás Maestre,16,1279,0,0,16,1279,0.0
609,Pedro Molpeceres,2,1265,0,0,2,1265,0.0
752,Luis Prieto Jiménez,1,1263,0,0,1,1263,0.0
845,Manuel Sáenz de Miera,12,1219,0,0,12,1219,0.0
427,César Gusano,4,1173,0,0,4,1173,0.0
929,Félix Susaeta,8,1164,0,0,8,1164,0.0
414,Modesto Gosálvez,8,1114,0,0,8,991,-0.110413
152,Juan Bort,8,1099,0,0,8,973,-0.11465
12,Francisco Aguado de Miguel,1,1091,0,0,1,1091,0.0
693,Basilio Paraíso,3,1083,0,0,3,1083,0.0
959,Rafael Ulled,2,1076,0,0,2,1076,0.0
67,Ángel Aperribay,8,1054,0,0,8,1054,0.0
514,Jesús Salvador Madero,8,1052,0,0,8,1034,-0.01711
78,Antonio Arnedo,3,1028,0,0,3,1028,0.0
116,Francisco Basterrechea,3,993,0,0,3,993,0.0
183,Rufino Cano de Rueda,13,983,0,0,13,983,0.0
373,José Garrote,2,966,0,0,2,966,0.0
353,Manuel García Becerra,5,961,0,0,5,958,-0.003122
727,Dionisio Pérez Viana,1,959,0,0,1,959,0.0
159,Francisco Burgos,12,950,0,0,12,812,-0.145263
49,Julio Álvarez del Vayo,4,938,0,0,4,938,0.0
186,Vicente Cantos Figuerola,4,925,0,0,4,925,0.0
689,Juan Palau,1,883,0,0,1,872,-0.012458
982,Narciso Vázquez Torres,4,878,0,0,4,580,-0.339408
284,Roberto Escribano,9,876,0,0,9,862,-0.015982
215,Eduardo Castillo,3,841,0,0,3,841,0.0
660,Francisco Núñez Tomás,1,829,0,0,1,829,0.0
317,Ramón Fernández Mato,6,828,0,0,6,828,0.0
1016,Rodolfo Viñas,2,825,0,0,2,825,0.0
1025,Fernando Zulueta,3,822,0,0,3,822,0.0
974,Fernando Valls Taberner,5,814,0,0,5,544,-0.331695
502,Santiago López Rodríguez,1,808,0,0,1,808,0.0
577,José María de Mateo la Iglesia,1,798,0,0,1,798,0.0
852,Vicente Sales,9,784,0,0,9,784,0.0
893,Francisco Saval,5,780,0,0,5,780,0.0
637,José Mouriz,2,760,0,0,2,760,0.0
759,Juan Puig Ferrater,5,746,0,0,7,807,0.081769
902,Antonio Septién,11,740,0,0,11,611,-0.174324
817,Pedro Romero,8,713,0,0,8,487,-0.316971
516,José Maestro,2,701,0,0,2,701,0.0
887,Juan Félix Sanz Blanco,5,663,0,0,5,663,0.0
198,Francisco Carreras Reura,3,649,0,0,3,649,0.0
934,Domingo Tejera,8,641,0,0,8,641,0.0
161,Miguel Cabanellas,3,628,0,0,3,569,-0.093949
935,Mariano Tejero,2,625,0,0,2,496,-0.2064
274,José Domínguez Barbero,2,611,0,0,2,611,0.0
709,Armando Peñamaría,2,603,0,0,2,603,0.0
416,Higinio Felipe Granado,5,593,0,0,5,593,0.0
617,Rafael Montes Díaz,4,585,0,0,4,585,0.0
593,Mariano Merediz,3,553,0,0,3,553,0.0
725,Domingo Pérez Trujillo,7,546,0,0,9,614,0.124542
259,José Dencás,7,492,0,0,7,479,-0.026423
500,Ángel López Pérez,1,483,0,0,1,483,0.0
980,Narciso Vázquez Lemus,8,476,8,476,8,264,-0.445378
587,José María Méndez Gil,4,471,0,0,4,456,-0.031847
1022,Francisco Zafra,3,469,0,0,3,469,0.0
307,Mariano Fernández de Córdoba,5,454,0,0,5,454,0.0
335,Bartolomé Fons,1,450,0,0,1,450,0.0
437,Mariano de la Hoz,5,437,0,0,5,437,0.0
564,Maximiliano Martínez Moreno,1,432,0,0,1,432,0.0
761,Ángel Puig Puig,4,427,0,0,4,427,0.0
11,Jaime Aguadé,1,423,0,0,1,423,0.0
194,José Carrasco,1,412,0,0,1,412,0.0
172,Miguel de Cámara,3,411,0,0,3,180,-0.562044
6,Amós Acero,3,402,0,0,3,395,-0.017413
720,Eduardo Pérez Iglesias,5,395,0,0,5,395,0.0
606,José Molina Moreno,2,390,0,0,2,390,0.0
323,Félix Fernández Villarrubia,5,380,0,0,5,380,0.0
567,Manuel Martínez Pedroso,6,377,0,0,6,377,0.0
203,José María Casabó,7,352,0,0,7,352,0.0
322,Félix Fernández Vega,4,344,0,0,4,344,0.0
343,Antonio Gabarró,5,342,0,0,5,271,-0.207602
701,Alfonso Pazos,2,338,0,0,2,338,0.0
597,Jesús de Miguel,1,324,0,0,1,324,0.0
13,Crescenciano Aguado,1,317,0,0,1,317,0.0
726,Leandro Pérez Urría,2,315,0,0,2,315,0.0
797,Francisco Roca,1,314,0,0,1,314,0.0
850,Pelayo Sala y Berenguer,5,313,0,0,6,285,-0.089457
199,Gerardo Carreres,5,310,0,0,5,310,0.0
222,José Cazorla,2,290,0,0,2,290,0.0
928,José Suñol,2,281,0,0,2,281,0.0
341,Eduardo Frápolli,2,281,0,0,2,25,-0.911032
105,Miguel Bargalló,8,274,0,0,8,240,-0.124088
375,Ricardo Gasset,2,269,0,0,2,159,-0.408922
108,Miguel Barquero,1,259,0,0,1,168,-0.351351
584,Francisco Medina Clarés,1,256,0,0,1,256,0.0
361,Raimundo García,4,253,0,0,4,253,0.0
575,José María Masip e Izábal,1,236,0,0,1,236,0.0
387,Pedro Gómez,1,226,0,0,1,226,0.0
963,Julio Urquijo,9,220,0,0,9,220,0.0
390,Enrique Gómez Jiménez,7,215,0,0,9,260,0.209302
621,José del Moral,4,214,0,0,4,214,0.0
686,Ricardo Palacín,4,210,0,0,4,210,0.0
646,Amancio Muñoz Zafra,2,169,0,0,2,169,0.0
473,Casimiro Lana Sarrate,2,163,0,0,2,42,-0.742331
121,Manuel Becerra,5,151,0,0,5,151,0.0
815,Adriano Romero Cachinero,1,139,0,0,1,139,0.0
811,José Rojas Marcos,3,125,0,0,3,125,0.0
162,Remigio Cabello,1,119,0,0,1,119,0.0
997,Ramón de Vicuña,1,112,0,0,1,112,0.0
432,Jesús Hernández Tomás,1,101,0,0,1,101,0.0
781,Juan Revilla,4,90,0,0,4,83,-0.077778
785,Gumersindo Rico González,1,82,0,0,1,82,0.0
753,Antonio Prieto Rivas,4,76,0,0,4,29,-0.618421
647,Joaquín María de Nadal,4,74,0,0,4,74,0.0
444,Leopoldo Igual,3,70,0,0,3,70,0.0
588,Juan Antonio Méndez Martínez,2,51,0,0,2,51,0.0
728,Alejandro Peris,2,48,0,0,2,48,0.0
364,Salvador García Muñoz,1,45,0,0,1,45,0.0
813,José María Roldán,4,44,0,0,4,44,0.0
409,Gabriel González Taltabull,2,43,0,0,2,43,0.0
324,Rodrigo Fernández y García de la Villa,1,43,0,0,1,43,0.0
74,Eugenio Arbones,4,41,0,0,4,28,-0.317073
424,Melchor Guerrero,1,36,0,0,1,36,0.0
428,Juan Gutiérrez Prieto,2,32,0,0,2,32,0.0
560,Emilio Martínez Jerez,2,29,0,0,2,29,0.0
675,Manuel Osorio Florit,2,28,0,0,2,28,0.0
369,Celestino García Santos,3,27,0,0,3,27,0.0
662,César Oarrichena,1,16,0,0,1,16,0.0
255,Ramón de la Cuesta,3,14,0,0,3,14,0.0
860,Quirino Salvadores,1,12,0,0,1,12,0.0
922,José Sosa Hormigo,1,11,0,0,1,11,0.0
53,Julia Álvarez Resano,1,11,0,0,1,11,0.0
640,Manuel Muiño,1,10,0,0,2,213,20.3
309,Virgilio Fernández de la Vega,1,8,0,0,1,8,0.0
196,Juan Carreño,1,7,0,0,1,7,0.0
197,Ramón Carreras Pons,1,6,0,0,1,6,0.0
665,Manuel Olmedo,1,6,0,0,1,6,0.0
943,Belarmino Tomás Álvarez,1,6,0,0,1,6,0.0
478,Luis Laredo Vega,1,5,0,0,1,5,0.0
