clave,fecha,num_session,etapa,legislatura,filas_V2,palabras_V2,diputados_V2,diputados_sin_presidencia_V2,filas_mas_300_palabras_V2,filas_presidencia_V2,id_V2_desde,id_V2_hasta,filas_v3,filas_habla_v3,id_v3_desde,id_v3_hasta,puerta
1931-07-14-1,1931-07-14,1,I,1931-1933,10,5156,3,1,2,9,1,10,19,10,1,19,
1931-07-15-2,1931-07-15,2,I,1931-1933,46,5270,9,8,4,21,11,56,52,45,20,71,
1931-07-18-3,1931-07-18,3,I,1931-1933,358,16905,43,42,6,156,57,414,393,360,72,464,
1931-07-20-4,1931-07-20,4,I,1931-1933,93,17882,16,15,16,39,415,507,102,93,465,566,
1931-07-21-5,1931-07-21,5,I,1931-1933,103,12544,22,21,8,45,508,610,116,104,567,682,
1931-07-22-6,1931-07-22,6,I,1931-1933,44,4186,11,10,4,21,611,654,50,44,683,732,
1931-07-23-7,1931-07-23,7,I,1931-1933,5,420,2,1,0,4,655,659,10,5,733,742,
1931-07-24-8,1931-07-24,8,I,1931-1933,263,50732,40,38,40,120,660,922,276,265,743,1018,
1931-07-27-9,1931-07-27,9,I,1931-1933,54,11760,12,9,9,30,923,976,63,55,1019,1081,
1931-07-28-10,1931-07-28,10,I,1931-1933,94,21857,22,20,11,44,977,1070,102,94,1082,1183,
1931-07-29-11,1931-07-29,11,I,1931-1933,106,33234,20,18,28,53,1071,1176,113,109,1184,1296,
1931-07-30-12,1931-07-30,12,I,1931-1933,48,21802,19,18,16,25,1177,1224,52,48,1297,1348,
1931-07-31-13,1931-07-31,13,I,1931-1933,58,6481,11,10,6,29,1225,1282,69,59,1349,1417,
1931-08-04-14,1931-08-04,14,I,1931-1933,64,12699,14,13,9,29,1283,1346,74,64,1418,1491,
1931-08-05-15,1931-08-05,15,I,1931-1933,117,15877,18,16,14,47,1347,1463,123,117,1492,1614,
1931-08-06-16,1931-08-06,16,I,1931-1933,63,15398,14,12,12,25,1464,1526,67,63,1615,1681,
1931-08-07-17,1931-08-07,17,I,1931-1933,78,18301,16,15,12,33,1527,1604,87,78,1682,1768,
1931-08-11-18,1931-08-11,18,I,1931-1933,66,22130,12,11,14,33,1605,1670,72,65,1769,1840,
1931-08-12-19,1931-08-12,19,I,1931-1933,81,19800,16,15,16,34,1671,1751,90,81,1841,1930,
1931-08-13-20,1931-08-13,20,I,1931-1933,82,18073,20,19,16,37,1752,1833,93,85,1931,2023,
1931-08-14-21,1931-08-14,21,I,1931-1933,113,27698,29,28,19,47,1834,1946,122,114,2024,2145,
1931-08-18-22,1931-08-18,22,I,1931-1933,63,27639,19,18,15,29,1947,2009,73,63,2146,2218,
1931-08-19-23,1931-08-19,23,I,1931-1933,85,26258,27,25,23,38,2010,2094,91,85,2219,2309,
1931-08-20-24,1931-08-20,24,I,1931-1933,91,26065,20,19,18,42,2095,2185,102,93,2310,2411,
1931-08-21-25,1931-08-21,25,I,1931-1933,163,31082,27,25,27,72,2186,2348,176,165,2412,2587,
1931-08-25-26,1931-08-25,26,I,1931-1933,181,25386,31,29,19,81,2349,2529,202,187,2588,2789,
1931-08-26-27,1931-08-26,27,I,1931-1933,146,38350,30,29,26,65,2530,2675,162,151,2790,2951,
1931-08-27-28,1931-08-27,28,I,1931-1933,57,24876,14,12,9,28,2676,2732,64,57,2952,3015,
1931-08-28-29,1931-08-28,29,I,1931-1933,32,21612,11,10,9,17,2733,2764,41,32,3016,3056,
1931-09-01-30,1931-09-01,30,I,1931-1933,67,26117,13,12,11,30,2765,2831,78,67,3057,3134,
1931-09-02-31,1931-09-02,31,I,1931-1933,79,17083,25,23,8,37,2832,2910,92,79,3135,3226,
1931-09-03-32,1931-09-03,32,I,1931-1933,76,16962,20,19,10,33,2911,2986,86,76,3227,3312,
1931-09-04-33,1931-09-04,33,I,1931-1933,51,23202,12,11,12,22,2987,3037,60,52,3313,3372,
1931-09-08-34,1931-09-08,34,I,1931-1933,32,17913,10,8,7,18,3038,3069,42,35,3373,3414,
1931-09-09-35,1931-09-09,35,I,1931-1933,41,21641,11,10,11,22,3070,3110,52,42,3415,3466,
1931-09-10-36,1931-09-10,36,I,1931-1933,69,26391,20,18,16,34,3111,3179,84,73,3467,3550,
1931-09-11-37,1931-09-11,37,I,1931-1933,73,33604,17,16,17,35,3180,3252,83,74,3551,3633,
1931-09-15-38,1931-09-15,38,I,1931-1933,100,32402,18,16,14,45,3253,3352,116,100,3634,3749,
1931-09-16-39,1931-09-16,39,I,1931-1933,166,31112,33,30,26,76,3353,3518,186,175,3750,3935,
1931-09-17-40,1931-09-17,40,I,1931-1933,87,25942,17,16,17,43,3519,3605,102,88,3936,4037,
1931-09-18-41,1931-09-18,41,I,1931-1933,140,28575,31,29,18,67,3606,3745,157,139,4038,4194,
1931-09-22-42,1931-09-22,42,I,1931-1933,152,39144,31,29,27,72,3746,3897,174,153,4195,4368,
1931-09-23-43,1931-09-23,43,I,1931-1933,131,45633,26,24,21,63,3898,4028,147,131,4369,4515,
1931-09-24-44,1931-09-24,44,I,1931-1933,116,32020,30,27,21,52,4029,4144,131,119,4516,4646,
1931-09-25-45,1931-09-25,45,I,1931-1933,586,80275,61,59,67,271,4145,4730,659,585,4647,5305,
1931-09-29-46,1931-09-29,46,I,1931-1933,292,35119,37,35,27,133,4731,5022,322,293,5306,5627,
1931-09-30-47,1931-09-30,47,I,1931-1933,375,31985,43,41,31,173,5023,5397,422,375,5628,6049,
1931-10-01-48,1931-10-01,48,I,1931-1933,395,41963,48,46,34,164,5398,5792,415,395,6050,6464,sufragio-1931
1931-10-02-49,1931-10-02,49,I,1931-1933,226,25273,31,29,21,102,5793,6018,245,226,6465,6709,
1931-10-06-50,1931-10-06,50,I,1931-1933,292,48090,41,40,36,136,6019,6310,326,296,6710,7035,
1931-10-07-51,1931-10-07,51,I,1931-1933,197,22969,33,31,19,93,6311,6507,220,198,7036,7255,
1931-10-08-52,1931-10-08,52,I,1931-1933,39,24636,13,12,10,20,6508,6546,43,39,7256,7298,
1931-10-09-53,1931-10-09,53,I,1931-1933,31,34401,15,13,10,16,6547,6577,36,31,7299,7334,
1931-10-10-54,1931-10-10,54,I,1931-1933,44,54410,14,13,18,25,6578,6621,52,44,7335,7386,
1931-10-13-55,1931-10-13,55,I,1931-1933,378,64068,52,50,51,189,6622,6999,421,380,7387,7807,cuestion-religiosa-1931
1931-10-14-56,1931-10-14,56,I,1931-1933,24,4606,6,5,2,13,7000,7023,28,23,7808,7835,
1931-10-15-57,1931-10-15,57,I,1931-1933,308,36280,39,37,26,136,7024,7331,336,310,7836,8171,
1931-10-16-58,1931-10-16,58,I,1931-1933,250,22969,31,29,23,105,7332,7581,276,250,8172,8447,
1931-10-20-59,1931-10-20,59,I,1931-1933,192,38738,33,31,32,81,7582,7773,217,194,8448,8664,
1931-10-21-60,1931-10-21,60,I,1931-1933,170,22386,24,22,19,75,7774,7943,190,170,8665,8854,
1931-10-22-61,1931-10-22,61,I,1931-1933,93,21397,19,18,14,46,7944,8036,108,94,8855,8962,
1931-10-23-62,1931-10-23,62,I,1931-1933,173,31980,35,34,22,74,8037,8209,187,173,8963,9149,
1931-10-27-63,1931-10-27,63,I,1931-1933,72,24003,18,17,13,37,8210,8281,84,71,9150,9233,
1931-10-28-64,1931-10-28,64,I,1931-1933,328,28775,38,37,28,158,8282,8609,369,330,9234,9602,
1931-10-29-65,1931-10-29,65,I,1931-1933,248,42199,44,42,39,112,8610,8857,274,247,9603,9876,
1931-10-30-66,1931-10-30,66,I,1931-1933,59,9795,17,16,12,29,8858,8916,67,58,9877,9943,
1931-11-03-67,1931-11-03,67,I,1931-1933,294,27155,32,30,25,131,8917,9210,329,295,9944,10272,
1931-11-04-68,1931-11-04,68,I,1931-1933,239,35077,37,35,20,100,9211,9449,266,237,10273,10538,
1931-11-05-69,1931-11-05,69,I,1931-1933,157,39466,35,33,36,74,9450,9606,179,158,10539,10717,
1931-11-06-70,1931-11-06,70,I,1931-1933,100,16183,30,28,15,47,9607,9706,118,100,10718,10835,
1931-11-10-71,1931-11-10,71,I,1931-1933,95,12202,16,14,11,48,9707,9801,108,95,10836,10943,
1931-11-11-72,1931-11-11,72,I,1931-1933,220,41709,30,28,23,100,9802,10021,237,217,10944,11180,
1931-11-12-73,1931-11-12,73,I,1931-1933,71,40337,18,17,17,33,10022,10092,80,71,11181,11260,
1931-11-13-74,1931-11-13,74,I,1931-1933,291,44968,37,35,28,128,10093,10383,313,292,11261,11573,
1931-11-17-75,1931-11-17,75,I,1931-1933,288,29857,33,31,24,128,10384,10671,326,290,11574,11899,
1931-11-18-76,1931-11-18,76,I,1931-1933,402,56054,40,38,46,175,10672,11073,439,403,11900,12338,
1931-11-19-77,1931-11-19,77,I,1931-1933,299,57180,43,42,42,136,11074,11372,322,298,12339,12660,
1931-11-20-78,1931-11-20,78,I,1931-1933,265,30379,27,26,20,113,11373,11637,290,274,12661,12950,
1931-11-24-79,1931-11-24,79,I,1931-1933,368,37009,30,28,26,156,11638,12005,411,368,12951,13361,
1931-11-25-80,1931-11-25,80,I,1931-1933,234,23390,32,31,20,105,12006,12239,258,234,13362,13619,
1931-11-26-81,1931-11-26,81,I,1931-1933,277,51438,43,41,43,122,12240,12516,296,277,13620,13915,
1931-11-27-82,1931-11-27,82,I,1931-1933,218,25904,22,20,32,95,12517,12734,243,218,13916,14158,
1931-12-01-83,1931-12-01,83,I,1931-1933,166,19846,36,34,18,75,12735,12900,181,166,14159,14339,
1931-12-02-84,1931-12-02,84,I,1931-1933,128,30031,20,19,20,56,12901,13028,144,132,14340,14483,
1931-12-03-85,1931-12-03,85,I,1931-1933,177,33134,36,34,30,83,13029,13205,193,178,14484,14676,
1931-12-04-86,1931-12-04,86,I,1931-1933,117,27645,20,18,16,51,13206,13322,135,120,14677,14811,
1931-12-08-87,1931-12-08,87,I,1931-1933,148,28647,36,34,25,65,13323,13470,163,149,14812,14974,
1931-12-09-88,1931-12-09,88,I,1931-1933,84,15030,25,24,14,43,13471,13554,96,84,14975,15070,
1931-12-10-89,1931-12-10,89,I,1931-1933,61,8921,16,15,11,30,13555,13615,73,61,15071,15143,
1931-12-15-90,1931-12-15,90,I,1931-1933,11,385,4,3,0,6,13616,13626,14,11,15144,15157,
1931-12-17-91,1931-12-17,91,I,1931-1933,54,16868,14,13,8,24,13627,13680,61,54,15158,15218,
1931-12-18-92,1931-12-18,92,I,1931-1933,199,26400,36,34,32,87,13681,13879,216,199,15219,15434,
1932-01-05-93,1932-01-05,93,I,1931-1933,64,17771,12,11,19,29,13880,13943,67,64,15435,15501,
1932-01-06-94,1932-01-06,94,I,1931-1933,85,21600,20,18,11,38,13944,14028,91,85,15502,15592,
1932-01-07-95,1932-01-07,95,I,1931-1933,129,27759,30,28,31,58,14029,14157,142,131,15593,15734,
1932-01-08-96,1932-01-08,96,I,1931-1933,115,35021,27,26,25,51,14158,14272,122,115,15735,15856,
1932-01-12-97,1932-01-12,97,I,1931-1933,170,29816,33,31,35,70,14273,14442,181,172,15857,16037,
1932-01-13-98,1932-01-13,98,I,1931-1933,196,35912,39,37,35,88,14443,14638,213,197,16038,16250,
1932-01-14-99,1932-01-14,99,I,1931-1933,198,25809,38,36,29,84,14639,14836,213,200,16251,16463,
1932-01-15-100,1932-01-15,100,I,1931-1933,235,30465,36,34,32,97,14837,15071,252,236,16464,16715,
1932-01-19-101,1932-01-19,101,I,1931-1933,173,31180,32,30,22,79,15072,15244,197,175,16716,16912,
1932-01-20-102,1932-01-20,102,I,1931-1933,110,27802,23,21,22,53,15245,15354,122,114,16913,17034,
1932-01-21-103,1932-01-21,103,I,1931-1933,184,34878,45,43,26,83,15355,15538,196,187,17035,17230,
1932-01-22-104,1932-01-22,104,I,1931-1933,105,29391,28,26,16,45,15539,15643,120,105,17231,17350,
1932-01-26-105,1932-01-26,105,I,1931-1933,129,30635,31,30,23,54,15644,15772,144,130,17351,17494,
1932-01-27-106,1932-01-27,106,I,1931-1933,81,39524,16,14,19,39,15773,15853,88,81,17495,17582,
1932-01-28-107,1932-01-28,107,I,1931-1933,245,31823,35,33,35,100,15854,16098,274,244,17583,17856,
1932-01-29-108,1932-01-29,108,I,1931-1933,124,25488,25,23,15,55,16099,16222,137,124,17857,17993,
1932-02-02-109,1932-02-02,109,I,1931-1933,100,28732,18,16,22,48,16223,16322,112,102,17994,18105,
1932-02-03-110,1932-02-03,110,I,1931-1933,81,30132,23,21,20,38,16323,16403,90,81,18106,18195,
1932-02-04-111,1932-02-04,111,I,1931-1933,114,23594,26,24,14,54,16404,16517,125,113,18196,18320,
1932-02-05-112,1932-02-05,112,I,1931-1933,233,30282,31,29,33,99,16518,16750,262,235,18321,18582,
1932-02-09-113,1932-02-09,113,I,1931-1933,247,35214,32,30,26,111,16751,16997,275,245,18583,18857,
1932-02-10-114,1932-02-10,114,I,1931-1933,173,29531,27,25,25,79,16998,17170,192,174,18858,19049,
1932-02-12-115,1932-02-12,115,I,1931-1933,215,31877,35,33,32,89,17171,17385,240,215,19050,19289,
1932-02-16-116,1932-02-16,116,I,1931-1933,223,34926,34,33,28,104,17386,17608,238,225,19290,19527,
1932-02-17-117,1932-02-17,117,I,1931-1933,361,37528,35,33,47,154,17609,17969,409,362,19528,19936,
1932-02-18-118,1932-02-18,118,I,1931-1933,206,24535,20,18,32,85,17970,18175,241,210,19937,20177,
1932-02-19-119,1932-02-19,119,I,1931-1933,189,34403,28,26,31,86,18176,18364,215,192,20178,20392,
1932-02-20-120,1932-02-20,120,I,1931-1933,4,3134,3,2,1,2,18365,18368,7,4,20393,20399,
1932-02-23-121,1932-02-23,121,I,1931-1933,290,38090,31,29,40,119,18369,18658,326,290,20400,20725,
1932-02-24-122,1932-02-24,122,I,1931-1933,217,36081,34,33,25,98,18659,18875,251,216,20726,20976,
1932-02-25-123,1932-02-25,123,I,1931-1933,154,33187,25,23,23,69,18876,19029,171,154,20977,21147,
1932-02-26-124,1932-02-26,124,I,1931-1933,258,32550,34,33,33,118,19030,19287,292,254,21148,21439,
1932-02-27-125,1932-02-27,125,I,1931-1933,275,28417,23,21,23,119,19288,19562,319,278,21440,21758,
1932-03-01-126,1932-03-01,126,I,1931-1933,143,31107,21,19,24,66,19563,19705,164,145,21759,21922,
1932-03-02-127,1932-03-02,127,I,1931-1933,185,28620,21,21,34,80,19706,19890,207,190,21923,22129,
1932-03-03-128,1932-03-03,128,I,1931-1933,156,30937,16,14,24,70,19891,20046,176,156,22130,22305,
1932-03-04-129,1932-03-04,129,I,1931-1933,226,29341,22,20,26,97,20047,20272,259,227,22306,22564,
1932-03-05-130,1932-03-05,130,I,1931-1933,112,20718,20,19,16,49,20273,20384,122,112,22565,22686,
1932-03-08-131,1932-03-08,131,I,1931-1933,207,29194,23,21,28,93,20385,20591,233,209,22687,22919,
1932-03-09-132,1932-03-09,132,I,1931-1933,183,35490,35,33,32,83,20592,20774,197,183,22920,23116,
1932-03-10-133,1932-03-10,133,I,1931-1933,191,29526,29,27,20,77,20775,20965,210,191,23117,23326,
1932-03-11-134,1932-03-11,134,I,1931-1933,71,19741,12,11,11,33,20966,21036,81,71,23327,23407,
1932-03-15-135,1932-03-15,135,I,1931-1933,81,30073,16,14,14,37,21037,21117,94,80,23408,23501,
1932-03-16-136,1932-03-16,136,I,1931-1933,136,31477,26,25,29,60,21118,21253,152,137,23502,23653,
1932-03-17-137,1932-03-17,137,I,1931-1933,259,55474,41,38,33,114,21254,21512,282,260,23654,23935,
1932-03-18-138,1932-03-18,138,I,1931-1933,164,26136,28,25,21,68,21513,21676,178,164,23936,24113,
1932-03-21-139,1932-03-21,139,I,1931-1933,86,17518,17,16,15,40,21677,21762,98,86,24114,24211,
1932-03-22-140,1932-03-22,140,I,1931-1933,161,27955,19,17,21,71,21763,21923,178,161,24212,24389,
1932-03-23-141,1932-03-23,141,I,1931-1933,70,42963,22,21,23,32,21924,21993,77,70,24390,24466,
1932-03-24-142,1932-03-24,142,I,1931-1933,298,42995,36,34,41,128,21994,22291,334,299,24467,24800,
1932-03-25-143,1932-03-25,143,I,1931-1933,99,16998,23,21,16,45,22292,22390,115,99,24801,24915,
1932-03-28-144,1932-03-28,144,I,1931-1933,102,31232,16,14,17,43,22391,22492,114,102,24916,25029,
1932-03-29-145,1932-03-29,145,I,1931-1933,131,29293,20,19,21,51,22493,22623,146,133,25030,25175,
1932-03-30-146,1932-03-30,146,I,1931-1933,125,39689,31,29,27,58,22624,22748,142,129,25176,25317,
1932-03-31-147,1932-03-31,147,I,1931-1933,97,33610,19,17,15,46,22749,22845,116,99,25318,25433,
1932-04-01-148,1932-04-01,148,I,1931-1933,199,32048,28,26,32,82,22846,23044,228,204,25434,25661,
1932-04-05-149,1932-04-05,149,I,1931-1933,189,26492,25,23,27,74,23045,23233,212,191,25662,25873,
1932-04-06-150,1932-04-06,150,I,1931-1933,120,32994,27,25,26,53,23234,23353,133,122,25874,26006,
1932-04-07-151,1932-04-07,151,I,1931-1933,187,31542,23,22,30,77,23354,23540,208,188,26007,26214,
1932-04-08-152,1932-04-08,152,I,1931-1933,330,40613,29,28,35,137,23541,23870,361,333,26215,26575,
1932-04-09-153,1932-04-09,153,I,1931-1933,60,33681,16,14,17,30,23871,23930,77,63,26576,26652,
1932-04-26-154,1932-04-26,154,I,1931-1933,125,36681,24,22,27,58,23931,24055,137,129,26653,26789,
1932-04-27-155,1932-04-27,155,I,1931-1933,173,29258,30,28,35,79,24056,24228,194,176,26790,26983,
1932-04-28-156,1932-04-28,156,I,1931-1933,129,23886,23,20,29,58,24229,24357,150,129,26984,27133,
1932-04-29-157,1932-04-29,157,I,1931-1933,188,27926,25,23,30,82,24358,24545,215,188,27134,27348,
1932-05-03-158,1932-05-03,158,I,1931-1933,207,35670,37,34,42,83,24546,24752,239,207,27349,27587,
1932-05-04-159,1932-05-04,159,I,1931-1933,237,30940,30,28,38,103,24753,24989,281,236,27588,27868,
1932-05-05-160,1932-05-05,160,I,1931-1933,215,35738,35,33,28,90,24990,25204,252,219,27869,28120,
1932-05-06-161,1932-05-06,161,I,1931-1933,51,18551,12,11,11,29,25205,25255,60,53,28121,28180,
1932-05-10-162,1932-05-10,162,I,1931-1933,86,33869,17,15,16,40,25256,25341,98,87,28181,28278,
1932-05-11-163,1932-05-11,163,I,1931-1933,49,26281,13,11,11,19,25342,25390,58,49,28279,28336,
1932-05-12-164,1932-05-12,164,I,1931-1933,97,25145,26,25,14,45,25391,25487,115,99,28337,28451,
1932-05-13-165,1932-05-13,165,I,1931-1933,53,28124,17,16,15,24,25488,25540,65,53,28452,28516,
1932-05-17-166,1932-05-17,166,I,1931-1933,83,28945,20,19,19,41,25541,25623,101,87,28517,28617,
1932-05-18-167,1932-05-18,167,I,1931-1933,62,33708,19,17,14,32,25624,25685,78,64,28618,28695,
1932-05-19-168,1932-05-19,168,I,1931-1933,53,31996,15,14,16,24,25686,25738,66,54,28696,28761,
1932-05-20-169,1932-05-20,169,I,1931-1933,35,23534,8,6,8,18,25739,25773,44,36,28762,28805,
1932-05-24-170,1932-05-24,170,I,1931-1933,65,31855,21,19,16,30,25774,25838,75,65,28806,28880,
1932-05-25-171,1932-05-25,171,I,1931-1933,56,36182,14,12,14,25,25839,25894,67,56,28881,28947,
1932-05-26-172,1932-05-26,172,I,1931-1933,45,30896,14,13,16,19,25895,25939,52,45,28948,28999,
1932-05-27-173,1932-05-27,173,I,1931-1933,44,41004,13,11,9,22,25940,25983,49,45,29000,29048,estatuto-1932
1932-05-31-174,1932-05-31,174,I,1931-1933,35,37619,12,11,13,18,25984,26018,44,35,29049,29092,
1932-06-01-175,1932-06-01,175,I,1931-1933,75,35073,19,17,17,33,26019,26093,87,77,29093,29179,
1932-06-02-176,1932-06-02,176,I,1931-1933,40,38000,19,18,15,19,26094,26133,53,40,29180,29232,
1932-06-03-177,1932-06-03,177,I,1931-1933,70,32598,18,17,16,31,26134,26203,81,69,29233,29313,
1932-06-07-178,1932-06-07,178,I,1931-1933,78,35441,17,15,20,35,26204,26281,86,79,29314,29399,
1932-06-08-179,1932-06-08,179,I,1931-1933,21,16979,5,3,7,14,26282,26302,29,21,29400,29428,
1932-06-09-180,1932-06-09,180,I,1931-1933,161,33035,25,23,17,79,26303,26463,177,162,29429,29605,
1932-06-10-181,1932-06-10,181,I,1931-1933,175,30709,23,21,23,79,26464,26638,194,176,29606,29799,
1932-06-14-182,1932-06-14,182,I,1931-1933,112,37813,21,20,16,49,26639,26750,127,115,29800,29926,
1932-06-15-183,1932-06-15,183,I,1931-1933,52,27045,9,7,13,24,26751,26802,62,53,29927,29988,
1932-06-16-184,1932-06-16,184,I,1931-1933,169,34416,22,21,27,74,26803,26971,197,172,29989,30185,
1932-06-17-185,1932-06-17,185,I,1931-1933,91,14796,18,16,15,43,26972,27062,98,91,30186,30283,
1932-06-21-186,1932-06-21,186,I,1931-1933,185,29535,37,35,26,80,27063,27247,201,185,30284,30484,
1932-06-22-187,1932-06-22,187,I,1931-1933,107,39512,13,11,20,48,27248,27354,121,108,30485,30605,
1932-06-23-188,1932-06-23,188,I,1931-1933,209,30746,36,33,26,94,27355,27563,231,216,30606,30836,
1932-06-24-189,1932-06-24,189,I,1931-1933,162,27561,29,26,18,73,27564,27725,176,162,30837,31012,
1932-06-28-190,1932-06-28,190,I,1931-1933,221,43390,30,27,32,96,27726,27946,253,222,31013,31265,
1932-06-29-191,1932-06-29,191,I,1931-1933,242,39913,33,31,32,104,27947,28188,266,242,31266,31531,
1932-06-30-192,1932-06-30,192,I,1931-1933,201,45384,28,26,30,90,28189,28389,220,200,31532,31751,
1932-07-01-193,1932-07-01,193,I,1931-1933,114,42559,23,21,24,49,28390,28503,128,114,31752,31879,
1932-07-05-194,1932-07-05,194,I,1931-1933,260,52271,37,35,40,118,28504,28763,285,262,31880,32164,
1932-07-06-195,1932-07-06,195,I,1931-1933,233,48666,31,28,36,99,28764,28996,258,239,32165,32422,
1932-07-07-196,1932-07-07,196,I,1931-1933,232,44071,25,23,39,100,28997,29228,267,233,32423,32689,
1932-07-08-197,1932-07-08,197,I,1931-1933,145,28650,22,20,23,63,29229,29373,166,145,32690,32855,
1932-07-12-198,1932-07-12,198,I,1931-1933,283,43828,38,35,40,112,29374,29656,314,284,32856,33169,
1932-07-13-199,1932-07-13,199,I,1931-1933,256,48275,31,29,42,108,29657,29912,279,257,33170,33448,
1932-07-14-200,1932-07-14,200,I,1931-1933,318,52888,41,39,49,128,29913,30230,354,321,33449,33802,
1932-07-15-201,1932-07-15,201,I,1931-1933,223,37746,33,31,30,88,30231,30453,245,225,33803,34047,
1932-07-19-202,1932-07-19,202,I,1931-1933,221,50433,27,25,28,90,30454,30674,249,222,34048,34296,
1932-07-20-203,1932-07-20,203,I,1931-1933,89,45853,14,12,15,42,30675,30763,104,90,34297,34400,
1932-07-21-204,1932-07-21,204,I,1931-1933,138,44753,21,18,33,55,30764,30901,155,140,34401,34555,
1932-07-22-205,1932-07-22,205,I,1931-1933,75,24727,15,13,17,34,30902,30976,88,77,34556,34643,
1932-07-26-206,1932-07-26,206,I,1931-1933,312,35281,43,41,38,122,30977,31288,342,312,34644,34985,
1932-07-27-207,1932-07-27,207,I,1931-1933,230,54783,32,30,38,93,31289,31518,251,230,34986,35236,
1932-07-28-208,1932-07-28,208,I,1931-1933,229,54140,34,31,37,93,31519,31747,258,227,35237,35494,
1932-07-29-209,1932-07-29,209,I,1931-1933,121,31464,20,18,18,52,31748,31868,135,121,35495,35629,
1932-08-02-210,1932-08-02,210,I,1931-1933,91,43086,18,16,23,44,31869,31959,99,92,35630,35728,
1932-08-03-211,1932-08-03,211,I,1931-1933,333,59191,38,35,47,146,31960,32292,360,335,35729,36088,
1932-08-04-212,1932-08-04,212,I,1931-1933,219,52977,36,33,34,97,32293,32511,248,219,36089,36336,
1932-08-05-213,1932-08-05,213,I,1931-1933,153,36099,21,19,24,66,32512,32664,168,153,36337,36504,
1932-08-09-214,1932-08-09,214,I,1931-1933,244,51532,30,28,42,107,32665,32908,273,243,36505,36777,
1932-08-10-215,1932-08-10,215,I,1931-1933,78,15091,14,12,13,33,32909,32986,87,77,36778,36864,
1932-08-11-216,1932-08-11,216,I,1931-1933,142,32715,20,18,26,61,32987,33128,166,142,36865,37030,
1932-08-12-217,1932-08-12,217,I,1931-1933,129,26927,23,20,17,64,33129,33257,155,131,37031,37185,
1932-08-16-218,1932-08-16,218,I,1931-1933,234,54778,25,22,34,102,33258,33491,255,234,37186,37440,
1932-08-17-219,1932-08-17,219,I,1931-1933,215,50478,33,30,36,86,33492,33706,236,215,37441,37676,
1932-08-18-220,1932-08-18,220,I,1931-1933,158,32581,24,22,24,78,33707,33864,179,159,37677,37855,
1932-08-19-221,1932-08-19,221,I,1931-1933,266,25166,23,21,17,114,33865,34130,295,269,37856,38150,
1932-08-23-222,1932-08-23,222,I,1931-1933,181,33368,14,12,34,76,34131,34311,214,188,38151,38364,
1932-08-24-223,1932-08-24,223,I,1931-1933,191,34358,30,27,36,86,34312,34502,208,191,38365,38572,
1932-08-25-224,1932-08-25,224,I,1931-1933,84,30180,14,12,19,39,34503,34586,94,85,38573,38666,
1932-08-26-225,1932-08-26,225,I,1931-1933,329,34571,34,33,31,136,34587,34915,377,329,38667,39043,
1932-08-30-226,1932-08-30,226,I,1931-1933,259,52420,34,32,35,114,34916,35174,290,258,39044,39333,
1932-08-31-227,1932-08-31,227,I,1931-1933,249,56936,30,29,46,107,35175,35423,287,251,39334,39620,
1932-09-01-228,1932-09-01,228,I,1931-1933,393,60398,31,29,43,162,35424,35816,447,395,39621,40067,
1932-09-02-229,1932-09-02,229,I,1931-1933,280,31002,30,28,29,115,35817,36096,320,282,40068,40387,
1932-09-06-230,1932-09-06,230,I,1931-1933,228,65567,28,26,35,95,36097,36324,265,235,40388,40652,
1932-09-07-231,1932-09-07,231,I,1931-1933,438,66428,50,47,48,185,36325,36762,499,442,40653,41151,
1932-09-08-232,1932-09-08,232,I,1931-1933,348,51379,53,51,43,149,36763,37110,394,348,41152,41545,
1932-09-09-233,1932-09-09,233,I,1931-1933,71,14199,10,8,9,33,37111,37181,90,71,41546,41635,
1932-10-01-234,1932-10-01,234,I,1931-1933,25,3444,5,4,3,14,37182,37206,30,24,41636,41665,
1932-10-04-235,1932-10-04,235,I,1931-1933,235,26947,27,25,23,94,37207,37441,260,238,41666,41925,
1932-10-05-236,1932-10-05,236,I,1931-1933,48,9370,17,16,13,21,37442,37489,60,48,41926,41985,
1932-10-06-237,1932-10-06,237,I,1931-1933,155,24147,29,27,24,67,37490,37644,172,155,41986,42157,
1932-10-07-238,1932-10-07,238,I,1931-1933,74,16200,12,11,14,31,37645,37718,82,74,42158,42239,
1932-10-11-239,1932-10-11,239,I,1931-1933,53,12196,15,14,11,26,37719,37771,63,53,42240,42302,
1932-10-13-240,1932-10-13,240,I,1931-1933,113,28209,27,26,27,47,37772,37884,125,113,42303,42427,
1932-10-14-241,1932-10-14,241,I,1931-1933,181,19547,29,27,16,78,37885,38065,202,182,42428,42629,
1932-10-18-242,1932-10-18,242,I,1931-1933,59,33012,16,14,15,30,38066,38124,72,59,42630,42701,
1932-10-19-243,1932-10-19,243,I,1931-1933,91,31240,23,21,21,43,38125,38215,106,91,42702,42807,
1932-10-20-244,1932-10-20,244,I,1931-1933,99,25688,21,19,23,52,38216,38314,112,99,42808,42919,
1932-10-21-245,1932-10-21,245,I,1931-1933,152,46968,33,31,32,71,38315,38466,159,152,42920,43078,
1932-10-25-246,1932-10-25,246,I,1931-1933,81,35672,16,14,18,31,38467,38547,92,81,43079,43170,
1932-10-26-247,1932-10-26,247,I,1931-1933,48,10612,14,11,10,23,38548,38595,58,48,43171,43228,
1932-10-27-248,1932-10-27,248,I,1931-1933,84,28298,17,15,24,36,38596,38679,100,87,43229,43328,
1932-10-28-249,1932-10-28,249,I,1931-1933,103,25487,23,21,23,47,38680,38782,124,105,43329,43452,
1932-11-01-250,1932-11-01,250,I,1931-1933,89,19038,23,21,24,36,38783,38871,103,92,43453,43555,
1932-11-02-251,1932-11-02,251,I,1931-1933,94,31563,22,20,19,44,38872,38965,104,94,43556,43659,
1932-11-03-252,1932-11-03,252,I,1931-1933,70,31412,15,14,20,32,38966,39035,79,70,43660,43738,
1932-11-04-253,1932-11-04,253,I,1931-1933,122,34469,20,19,20,56,39036,39157,133,124,43739,43871,
1932-11-08-254,1932-11-08,254,I,1931-1933,96,31184,22,21,26,41,39158,39253,116,95,43872,43987,
1932-11-09-255,1932-11-09,255,I,1931-1933,169,30752,27,25,25,78,39254,39422,185,169,43988,44172,
1932-11-10-256,1932-11-10,256,I,1931-1933,141,31687,23,21,21,66,39423,39563,165,143,44173,44337,
1932-11-11-257,1932-11-11,257,I,1931-1933,94,29108,23,21,23,42,39564,39657,106,94,44338,44443,
1932-11-15-258,1932-11-15,258,I,1931-1933,58,32060,20,18,16,29,39658,39715,71,58,44444,44514,
1932-11-16-259,1932-11-16,259,I,1931-1933,137,32204,21,19,25,54,39716,39852,145,139,44515,44659,
1932-11-17-260,1932-11-17,260,I,1931-1933,153,35029,24,23,27,66,39853,40005,162,152,44660,44821,
1932-11-18-261,1932-11-18,261,I,1931-1933,210,26618,23,21,13,98,40006,40215,228,210,44822,45049,
1932-11-22-262,1932-11-22,262,I,1931-1933,281,46322,34,32,38,128,40216,40496,301,285,45050,45350,
1932-11-23-263,1932-11-23,263,I,1931-1933,160,35315,33,31,31,72,40497,40656,179,163,45351,45529,
1932-11-24-264,1932-11-24,264,I,1931-1933,165,30632,17,14,21,78,40657,40821,182,168,45530,45711,
1932-11-25-265,1932-11-25,265,I,1931-1933,210,31131,23,21,25,93,40822,41031,232,214,45712,45943,
1932-11-29-266,1932-11-29,266,I,1931-1933,89,31572,22,20,13,37,41032,41120,94,89,45944,46037,
1932-11-30-267,1932-11-30,267,I,1931-1933,66,35854,16,15,18,28,41121,41186,76,68,46038,46113,
1932-12-01-268,1932-12-01,268,I,1931-1933,105,27407,13,10,27,43,41187,41291,118,105,46114,46231,
1932-12-02-269,1932-12-02,269,I,1931-1933,170,32835,23,21,26,72,41292,41461,191,170,46232,46422,
1932-12-06-270,1932-12-06,270,I,1931-1933,60,34176,14,12,16,30,41462,41521,66,60,46423,46488,
1932-12-07-271,1932-12-07,271,I,1931-1933,176,40302,14,11,26,83,41522,41697,197,178,46489,46685,
1932-12-08-272,1932-12-08,272,I,1931-1933,133,38645,22,19,23,58,41698,41830,145,133,46686,46830,
1932-12-09-273,1932-12-09,273,I,1931-1933,226,38966,26,24,28,100,41831,42056,244,227,46831,47074,
1932-12-13-274,1932-12-13,274,I,1931-1933,226,61717,27,25,35,100,42057,42282,252,228,47075,47326,
1932-12-14-275,1932-12-14,275,I,1931-1933,258,35796,29,28,30,116,42283,42540,278,257,47327,47604,
1932-12-15-276,1932-12-15,276,I,1931-1933,124,19354,15,14,19,55,42541,42664,137,123,47605,47741,
1932-12-16-277,1932-12-16,277,I,1931-1933,135,56498,24,22,25,64,42665,42799,151,138,47742,47892,
1932-12-17-278,1932-12-17,278,I,1931-1933,281,58441,31,28,40,135,42800,43080,321,285,47893,48213,
1932-12-18-279,1932-12-18,279,I,1931-1933,104,56008,22,20,20,50,43081,43184,120,106,48214,48333,
1932-12-19-280,1932-12-19,280,I,1931-1933,149,29714,18,16,22,60,43185,43333,166,149,48334,48499,
1932-12-20-281,1932-12-20,281,I,1931-1933,120,48272,23,21,20,59,43334,43453,131,119,48500,48630,
1932-12-21-282,1932-12-21,282,I,1931-1933,398,71211,48,45,57,168,43454,43851,435,399,48631,49065,
1932-12-22-283,1932-12-22,283,I,1931-1933,237,73850,44,41,44,114,43852,44088,271,239,49066,49336,
1932-12-23-284,1932-12-23,284,I,1931-1933,331,50143,39,37,36,156,44089,44419,362,334,49337,49698,
1932-12-27-285,1932-12-27,285,I,1931-1933,244,52559,28,25,37,102,44420,44663,267,243,49699,49965,
1932-12-28-286,1932-12-28,286,I,1931-1933,127,32189,17,16,17,58,44664,44790,147,128,49966,50112,
1933-02-01-287,1933-02-01,287,I,1931-1933,80,24818,19,17,16,36,44791,44870,89,81,50113,50201,
1933-02-02-288,1933-02-02,288,I,1931-1933,155,28420,21,19,20,68,44871,45025,166,156,50202,50367,casas-viejas-1933
1933-02-03-289,1933-02-03,289,I,1931-1933,70,44732,13,12,19,33,45026,45095,77,71,50368,50444,
1933-02-07-290,1933-02-07,290,I,1931-1933,117,37025,15,14,16,54,45096,45212,126,117,50445,50570,
1933-02-08-291,1933-02-08,291,I,1931-1933,127,26501,20,17,22,59,45213,45339,137,128,50571,50707,
1933-02-09-292,1933-02-09,292,I,1931-1933,141,35475,27,25,25,63,45340,45480,154,140,50708,50861,
1933-02-10-293,1933-02-10,293,I,1931-1933,89,37198,22,19,23,43,45481,45569,97,89,50862,50958,
1933-02-14-294,1933-02-14,294,I,1931-1933,72,36271,20,18,19,30,45570,45641,85,74,50959,51043,
1933-02-15-295,1933-02-15,295,I,1931-1933,138,34715,28,26,30,66,45642,45779,155,138,51044,51198,
1933-02-16-296,1933-02-16,296,I,1931-1933,179,29459,29,27,22,74,45780,45958,200,180,51199,51398,
1933-02-17-297,1933-02-17,297,I,1931-1933,103,31678,20,19,21,45,45959,46061,121,106,51399,51519,
1933-02-21-298,1933-02-21,298,I,1931-1933,208,39731,30,29,32,87,46062,46269,227,208,51520,51746,
1933-02-22-299,1933-02-22,299,I,1931-1933,80,41721,22,19,20,36,46270,46349,88,80,51747,51834,
1933-02-23-300,1933-02-23,300,I,1931-1933,91,49734,19,18,30,45,46350,46440,105,95,51835,51939,
1933-02-24-301,1933-02-24,301,I,1931-1933,122,40417,27,25,26,60,46441,46562,141,123,51940,52080,
1933-02-28-302,1933-02-28,302,I,1931-1933,71,36422,21,19,20,34,46563,46633,87,71,52081,52167,
1933-03-01-303,1933-03-01,303,I,1931-1933,66,35842,12,11,13,31,46634,46699,74,68,52168,52241,
1933-03-02-304,1933-03-02,304,I,1931-1933,87,28714,21,19,19,44,46700,46786,103,87,52242,52344,
1933-03-03-305,1933-03-03,305,I,1931-1933,159,30363,23,20,24,76,46787,46945,172,160,52345,52516,
1933-03-07-306,1933-03-07,306,I,1931-1933,57,32414,11,10,18,27,46946,47002,71,59,52517,52587,
1933-03-08-307,1933-03-08,307,I,1931-1933,199,32304,25,23,29,81,47003,47201,214,198,52588,52801,
1933-03-09-308,1933-03-09,308,I,1931-1933,199,31690,26,23,33,86,47202,47400,216,199,52802,53017,
1933-03-10-309,1933-03-10,309,I,1931-1933,214,27813,27,25,26,99,47401,47614,238,217,53018,53255,
1933-03-14-310,1933-03-14,310,I,1931-1933,128,29651,26,23,32,51,47615,47742,150,129,53256,53405,
1933-03-15-311,1933-03-15,311,I,1931-1933,110,35854,21,19,19,52,47743,47852,121,110,53406,53526,
1933-03-16-312,1933-03-16,312,I,1931-1933,110,43890,23,22,25,53,47853,47962,122,111,53527,53648,
1933-03-17-313,1933-03-17,313,I,1931-1933,48,13918,14,12,9,22,47963,48010,58,46,53649,53706,
1933-03-21-314,1933-03-21,314,I,1931-1933,121,29577,19,17,24,53,48011,48131,140,121,53707,53846,
1933-03-22-315,1933-03-22,315,I,1931-1933,123,28165,25,23,25,53,48132,48254,142,124,53847,53988,
1933-03-23-316,1933-03-23,316,I,1931-1933,103,41135,19,16,18,49,48255,48357,120,104,53989,54108,
1933-03-24-317,1933-03-24,317,I,1931-1933,97,35193,18,16,20,43,48358,48454,111,97,54109,54219,
1933-03-28-318,1933-03-28,318,I,1931-1933,90,33505,17,15,26,38,48455,48544,108,92,54220,54327,
1933-03-29-319,1933-03-29,319,I,1931-1933,102,39299,19,17,24,43,48545,48646,118,103,54328,54445,
1933-03-30-320,1933-03-30,320,I,1931-1933,74,26620,19,17,14,37,48647,48720,93,74,54446,54538,
1933-03-31-321,1933-03-31,321,I,1931-1933,162,30197,23,20,25,66,48721,48882,189,162,54539,54727,
1933-04-04-322,1933-04-04,322,I,1931-1933,129,30557,20,17,20,57,48883,49011,151,131,54728,54878,
1933-04-05-323,1933-04-05,323,I,1931-1933,125,33181,26,23,21,55,49012,49136,139,124,54879,55017,
1933-04-06-324,1933-04-06,324,I,1931-1933,147,34572,23,21,21,65,49137,49283,175,148,55018,55192,
1933-04-07-325,1933-04-07,325,I,1931-1933,95,21934,10,8,12,42,49284,49378,114,95,55193,55306,
1933-04-25-326,1933-04-25,326,I,1931-1933,85,26913,19,18,16,40,49379,49463,95,86,55307,55401,
1933-04-26-327,1933-04-26,327,I,1931-1933,107,32883,19,18,23,51,49464,49570,118,107,55402,55519,
1933-04-27-328,1933-04-27,328,I,1931-1933,108,24849,18,16,21,51,49571,49678,119,108,55520,55638,
1933-04-28-329,1933-04-28,329,I,1931-1933,91,36304,15,14,18,45,49679,49769,107,95,55639,55745,
1933-05-02-330,1933-05-02,330,I,1931-1933,79,26505,12,10,15,33,49770,49848,90,79,55746,55835,
1933-05-03-331,1933-05-03,331,I,1931-1933,109,32698,16,14,24,46,49849,49957,125,110,55836,55960,
1933-05-04-332,1933-05-04,332,I,1931-1933,145,26874,22,20,23,69,49958,50102,166,149,55961,56126,
1933-05-05-333,1933-05-05,333,I,1931-1933,76,28617,20,17,17,36,50103,50178,91,76,56127,56217,
1933-05-09-334,1933-05-09,334,I,1931-1933,95,25448,18,16,16,46,50179,50273,115,96,56218,56332,
1933-05-10-335,1933-05-10,335,I,1931-1933,173,25240,27,25,19,81,50274,50446,189,173,56333,56521,
1933-05-11-336,1933-05-11,336,I,1931-1933,169,38531,28,26,29,73,50447,50615,186,169,56522,56707,
1933-05-12-337,1933-05-12,337,I,1931-1933,79,17363,17,15,16,36,50616,50694,103,81,56708,56810,
1933-05-16-338,1933-05-16,338,I,1931-1933,96,22584,14,12,21,44,50695,50790,109,96,56811,56919,
1933-05-17-339,1933-05-17,339,I,1931-1933,121,26143,21,19,20,60,50791,50911,136,121,56920,57055,
1933-05-18-340,1933-05-18,340,I,1931-1933,94,31594,20,18,15,44,50912,51005,109,95,57056,57164,
1933-05-19-341,1933-05-19,341,I,1931-1933,89,29156,19,18,20,47,51006,51094,108,97,57165,57272,
1933-05-23-342,1933-05-23,342,I,1931-1933,77,31102,14,11,17,38,51095,51171,90,79,57273,57362,
1933-05-24-343,1933-05-24,343,I,1931-1933,112,36765,24,22,19,52,51172,51283,131,115,57363,57493,
1933-05-25-344,1933-05-25,344,I,1931-1933,129,37439,25,23,25,61,51284,51412,145,129,57494,57638,
1933-05-26-345,1933-05-26,345,I,1931-1933,59,24777,12,10,7,29,51413,51471,68,60,57639,57706,
1933-05-30-346,1933-05-30,346,I,1931-1933,316,32431,23,20,27,131,51472,51787,352,317,57707,58058,
1933-05-31-347,1933-05-31,347,I,1931-1933,406,44064,31,29,34,186,51788,52193,465,407,58059,58523,
1933-06-01-348,1933-06-01,348,I,1931-1933,200,34461,28,26,26,90,52194,52393,223,200,58524,58746,
1933-06-02-349,1933-06-02,349,I,1931-1933,103,31898,16,14,22,45,52394,52496,116,103,58747,58862,
1933-06-06-350,1933-06-06,350,I,1931-1933,340,42159,26,24,47,140,52497,52836,384,342,58863,59246,
1933-06-07-351,1933-06-07,351,I,1931-1933,176,39125,31,29,27,77,52837,53012,201,176,59247,59447,
1933-06-08-352,1933-06-08,352,I,1931-1933,4,147,2,1,0,3,53013,53016,7,4,59448,59454,
1933-06-14-353,1933-06-14,353,I,1931-1933,60,27202,12,11,16,27,53017,53076,65,59,59455,59519,
1933-06-15-354,1933-06-15,354,I,1931-1933,130,35958,34,32,22,62,53077,53206,144,131,59520,59663,
1933-06-16-355,1933-06-16,355,I,1931-1933,41,24621,8,7,10,20,53207,53247,45,41,59664,59708,
1933-06-20-356,1933-06-20,356,I,1931-1933,98,38343,28,26,19,44,53248,53345,112,99,59709,59820,
1933-06-21-357,1933-06-21,357,I,1931-1933,200,42673,24,22,35,82,53346,53545,224,201,59821,60044,
1933-06-22-358,1933-06-22,358,I,1931-1933,156,19017,17,15,18,65,53546,53701,172,156,60045,60216,
1933-06-23-359,1933-06-23,359,I,1931-1933,235,27328,27,25,29,92,53702,53936,257,234,60217,60473,
1933-06-27-360,1933-06-27,360,I,1931-1933,125,25328,23,21,18,54,53937,54061,136,125,60474,60609,
1933-06-28-361,1933-06-28,361,I,1931-1933,99,35632,19,18,26,46,54062,54160,116,105,60610,60725,
1933-06-29-362,1933-06-29,362,I,1931-1933,83,32823,19,17,17,39,54161,54243,101,84,60726,60826,
1933-06-30-363,1933-06-30,363,I,1931-1933,137,32172,23,21,26,59,54244,54380,153,137,60827,60979,
1933-07-04-364,1933-07-04,364,I,1931-1933,111,31931,26,25,21,53,54381,54491,131,111,60980,61110,
1933-07-05-365,1933-07-05,365,I,1931-1933,208,33497,33,30,29,87,54492,54699,235,209,61111,61345,
1933-07-06-366,1933-07-06,366,I,1931-1933,160,35848,28,26,29,65,54700,54859,176,162,61346,61521,
1933-07-07-367,1933-07-07,367,I,1931-1933,127,34240,26,24,31,53,54860,54986,146,128,61522,61667,
1933-07-11-368,1933-07-11,368,I,1931-1933,187,40157,29,26,31,84,54987,55173,210,189,61668,61877,
1933-07-12-369,1933-07-12,369,I,1931-1933,121,55879,22,19,27,50,55174,55294,138,121,61878,62015,
1933-07-13-370,1933-07-13,370,I,1931-1933,103,27314,19,18,17,51,55295,55397,122,103,62016,62137,
1933-07-14-371,1933-07-14,371,I,1931-1933,101,27672,20,18,17,50,55398,55498,121,103,62138,62258,
1933-07-18-372,1933-07-18,372,I,1931-1933,180,44012,11,9,28,86,55499,55678,214,181,62259,62472,
1933-07-19-373,1933-07-19,373,I,1931-1933,340,44250,27,24,34,144,55679,56018,376,341,62473,62848,
1933-07-20-374,1933-07-20,374,I,1931-1933,215,43508,12,10,27,96,56019,56233,253,217,62849,63101,
1933-07-21-375,1933-07-21,375,I,1931-1933,399,35065,17,15,36,175,56234,56632,457,401,63102,63558,
1933-07-25-376,1933-07-25,376,I,1931-1933,323,31551,21,19,26,133,56633,56955,372,323,63559,63930,
1933-07-26-377,1933-07-26,377,I,1931-1933,118,11626,7,5,14,66,56956,57073,159,116,63931,64089,
1933-07-27-378,1933-07-27,378,I,1931-1933,63,32827,15,13,11,30,57074,57136,73,63,64090,64162,
1933-07-28-379,1933-07-28,379,I,1931-1933,106,36786,18,16,16,42,57137,57242,122,106,64163,64284,
1933-08-01-380,1933-08-01,380,I,1931-1933,182,32138,23,21,28,81,57243,57424,209,185,64285,64493,
1933-08-02-381,1933-08-02,381,I,1931-1933,60,25268,13,11,14,27,57425,57484,75,59,64494,64568,
1933-08-03-382,1933-08-03,382,I,1931-1933,66,29737,21,20,15,30,57485,57550,82,66,64569,64650,
1933-08-04-383,1933-08-04,383,I,1931-1933,130,27544,21,19,20,61,57551,57680,145,133,64651,64795,
1933-08-08-384,1933-08-08,384,I,1931-1933,294,30164,37,36,27,132,57681,57974,347,300,64796,65142,
1933-08-09-385,1933-08-09,385,I,1931-1933,183,32806,20,19,31,78,57975,58157,208,185,65143,65350,
1933-08-10-386,1933-08-10,386,I,1931-1933,199,38529,23,20,34,83,58158,58356,228,200,65351,65578,
1933-08-11-387,1933-08-11,387,I,1931-1933,105,36189,16,15,26,46,58357,58461,114,105,65579,65692,
1933-08-15-388,1933-08-15,388,I,1931-1933,176,32607,22,20,29,73,58462,58637,198,178,65693,65890,
1933-08-16-389,1933-08-16,389,I,1931-1933,36,29460,9,8,8,16,58638,58673,45,37,65891,65935,
1933-08-17-390,1933-08-17,390,I,1931-1933,158,26989,18,17,21,68,58674,58831,180,158,65936,66115,
1933-08-18-391,1933-08-18,391,I,1931-1933,165,28231,23,20,26,69,58832,58996,181,166,66116,66296,
1933-08-22-392,1933-08-22,392,I,1931-1933,324,29725,23,21,37,138,58997,59320,368,324,66297,66664,
1933-08-23-393,1933-08-23,393,I,1931-1933,256,37537,31,29,34,112,59321,59576,289,258,66665,66953,
1933-08-24-394,1933-08-24,394,I,1931-1933,86,17751,19,17,15,39,59577,59662,100,86,66954,67053,
1933-08-25-395,1933-08-25,395,I,1931-1933,124,21312,21,20,20,55,59663,59786,135,124,67054,67188,
1933-08-29-396,1933-08-29,396,I,1931-1933,200,31373,22,21,31,85,59787,59986,222,200,67189,67410,
1933-08-30-397,1933-08-30,397,I,1931-1933,141,25013,19,17,23,63,59987,60127,158,142,67411,67568,
1933-08-31-398,1933-08-31,398,I,1931-1933,182,32508,17,15,26,73,60128,60309,202,182,67569,67770,
1933-09-01-399,1933-09-01,399,I,1931-1933,278,42519,30,28,37,119,60310,60587,303,280,67771,68073,
1933-09-05-400,1933-09-05,400,I,1931-1933,226,33015,23,21,27,88,60588,60813,254,226,68074,68327,
1933-09-06-401,1933-09-06,401,I,1931-1933,178,36720,33,31,32,73,60814,60991,206,180,68328,68533,
1933-09-07-402,1933-09-07,402,I,1931-1933,216,35951,28,26,34,93,60992,61207,237,216,68534,68770,
1933-09-08-403,1933-09-08,403,I,1931-1933,3,108,2,1,0,2,61208,61210,6,3,68771,68776,
1933-10-02-404,1933-10-02,404,I,1931-1933,33,28587,7,6,6,18,61211,61243,42,33,68777,68818,
1933-10-03-405,1933-10-03,405,I,1931-1933,112,24545,19,18,11,57,61244,61355,125,119,68819,68943,
1933-12-08-1,1933-12-08,1,II,1933-1935,13,1310,3,1,1,11,61356,61368,22,13,68944,68965,
1933-12-12-2,1933-12-12,2,II,1933-1935,42,11591,10,9,10,23,61369,61410,49,42,68966,69014,
1933-12-13-3,1933-12-13,3,II,1933-1935,23,2151,4,3,2,12,61411,61433,30,23,69015,69044,
1933-12-14-4,1933-12-14,4,II,1933-1935,75,10743,16,15,12,31,61434,61508,88,76,69045,69132,
1933-12-15-5,1933-12-15,5,II,1933-1935,85,17810,16,15,17,36,61509,61593,90,85,69133,69222,
1933-12-19-6,1933-12-19,6,II,1933-1935,62,23152,14,13,14,29,61594,61655,69,63,69223,69291,
1933-12-20-7,1933-12-20,7,II,1933-1935,67,27437,15,14,15,36,61656,61722,77,70,69292,69368,
1933-12-21-8,1933-12-21,8,II,1933-1935,134,10379,31,30,9,54,61723,61856,147,133,69369,69515,
1933-12-22-9,1933-12-22,9,II,1933-1935,59,13579,11,10,14,25,61857,61915,66,59,69516,69581,
1933-12-26-10,1933-12-26,10,II,1933-1935,67,14872,12,11,19,31,61916,61982,77,70,69582,69658,
1933-12-27-11,1933-12-27,11,II,1933-1935,64,5325,6,5,4,32,61983,62046,75,64,69659,69733,
1933-12-28-12,1933-12-28,12,II,1933-1935,21,6826,6,5,5,14,62047,62067,33,21,69734,69766,
1933-12-29-13,1933-12-29,13,II,1933-1935,73,22066,14,12,19,27,62068,62140,83,74,69767,69849,
1933-12-30-14,1933-12-30,14,II,1933-1935,50,7688,12,11,14,19,62141,62190,58,50,69850,69907,
1934-01-03-15,1934-01-03,15,II,1933-1935,72,23117,13,11,14,34,62191,62262,81,72,69908,69988,
1934-01-04-16,1934-01-04,16,II,1933-1935,73,22973,24,23,20,38,62263,62335,85,77,69989,70073,
1934-01-05-17,1934-01-05,17,II,1933-1935,108,33376,26,24,25,48,62336,62443,118,108,70074,70191,
1934-01-09-18,1934-01-09,18,II,1933-1935,94,27777,20,19,25,42,62444,62537,102,94,70192,70293,
1934-01-10-19,1934-01-10,19,II,1933-1935,83,30423,17,15,20,35,62538,62620,92,85,70294,70385,
1934-01-11-20,1934-01-11,20,II,1933-1935,90,23916,21,20,25,38,62621,62710,105,90,70386,70490,
1934-01-12-21,1934-01-12,21,II,1933-1935,101,25407,22,21,23,48,62711,62811,112,101,70491,70602,
1934-01-16-22,1934-01-16,22,II,1933-1935,96,25285,27,26,23,43,62812,62907,106,98,70603,70708,
1934-01-17-23,1934-01-17,23,II,1933-1935,70,22161,21,18,16,32,62908,62977,82,72,70709,70790,
1934-01-18-24,1934-01-18,24,II,1933-1935,77,23268,19,18,22,36,62978,63054,96,81,70791,70886,
1934-01-19-25,1934-01-19,25,II,1933-1935,88,28785,26,24,23,42,63055,63142,108,94,70887,70994,
1934-01-23-26,1934-01-23,26,II,1933-1935,139,29725,32,31,27,62,63143,63281,159,140,70995,71153,
1934-01-24-27,1934-01-24,27,II,1933-1935,80,23366,18,17,19,34,63282,63361,89,81,71154,71242,
1934-01-25-28,1934-01-25,28,II,1933-1935,84,37743,14,12,25,39,63362,63445,94,86,71243,71336,
1934-01-26-29,1934-01-26,29,II,1933-1935,122,32961,23,21,18,55,63446,63567,137,125,71337,71473,
1934-01-30-30,1934-01-30,30,II,1933-1935,77,30933,23,21,22,37,63568,63644,89,77,71474,71562,
1934-01-31-31,1934-01-31,31,II,1933-1935,110,29444,21,19,17,50,63645,63754,122,112,71563,71684,
1934-02-01-32,1934-02-01,32,II,1933-1935,101,32257,21,19,24,46,63755,63855,108,101,71685,71792,
1934-02-02-33,1934-02-02,33,II,1933-1935,83,37832,21,19,24,39,63856,63938,100,84,71793,71892,
1934-02-06-34,1934-02-06,34,II,1933-1935,143,31742,25,23,25,63,63939,64081,158,143,71893,72050,
1934-02-07-35,1934-02-07,35,II,1933-1935,85,31228,21,19,19,40,64082,64166,97,85,72051,72147,
1934-02-08-36,1934-02-08,36,II,1933-1935,73,20005,16,15,16,35,64167,64239,84,75,72148,72231,
1934-02-09-37,1934-02-09,37,II,1933-1935,191,32089,32,31,34,81,64240,64430,211,191,72232,72442,
1934-02-20-38,1934-02-20,38,II,1933-1935,109,32981,28,26,29,51,64431,64539,121,110,72443,72563,
1934-02-21-39,1934-02-21,39,II,1933-1935,183,27414,26,24,29,78,64540,64722,200,184,72564,72763,
1934-02-22-40,1934-02-22,40,II,1933-1935,142,26067,24,21,19,61,64723,64864,171,144,72764,72934,
1934-02-23-41,1934-02-23,41,II,1933-1935,46,40698,15,13,17,21,64865,64910,59,46,72935,72993,
1934-02-27-42,1934-02-27,42,II,1933-1935,75,32260,15,13,19,35,64911,64985,84,76,72994,73077,
1934-02-28-43,1934-02-28,43,II,1933-1935,51,30293,17,15,14,25,64986,65036,59,51,73078,73136,
1934-03-01-44,1934-03-01,44,II,1933-1935,3,114,2,1,0,2,65037,65039,6,3,73137,73142,
1934-03-06-45,1934-03-06,45,II,1933-1935,58,36128,12,11,15,26,65040,65097,67,57,73143,73209,
1934-03-07-46,1934-03-07,46,II,1933-1935,162,30245,33,31,28,66,65098,65259,182,164,73210,73391,
1934-03-08-47,1934-03-08,47,II,1933-1935,123,46637,32,31,33,55,65260,65382,134,125,73392,73525,
1934-03-09-48,1934-03-09,48,II,1933-1935,151,34208,34,32,32,70,65383,65533,174,157,73526,73699,
1934-03-13-49,1934-03-13,49,II,1933-1935,114,37440,20,19,31,53,65534,65647,129,120,73700,73828,
1934-03-14-50,1934-03-14,50,II,1933-1935,68,28771,15,13,18,31,65648,65715,77,68,73829,73905,
1934-03-15-51,1934-03-15,51,II,1933-1935,96,37970,18,16,23,43,65716,65811,112,97,73906,74017,
1934-03-16-52,1934-03-16,52,II,1933-1935,108,35428,19,17,23,49,65812,65919,123,108,74018,74140,
1934-03-20-53,1934-03-20,53,II,1933-1935,84,37827,18,16,26,38,65920,66003,92,84,74141,74232,
1934-03-21-54,1934-03-21,54,II,1933-1935,93,39058,22,20,19,44,66004,66096,109,93,74233,74341,
1934-03-22-55,1934-03-22,55,II,1933-1935,136,47503,23,22,29,65,66097,66232,146,138,74342,74487,
1934-03-23-56,1934-03-23,56,II,1933-1935,109,36828,21,19,19,45,66233,66341,118,109,74488,74605,
1934-03-24-57,1934-03-24,57,II,1933-1935,87,41299,19,17,24,39,66342,66428,107,91,74606,74712,
1934-03-26-58,1934-03-26,58,II,1933-1935,68,32144,16,14,17,30,66429,66496,77,69,74713,74789,
1934-03-27-59,1934-03-27,59,II,1933-1935,106,28429,21,19,20,45,66497,66602,122,107,74790,74911,
1934-03-28-60,1934-03-28,60,II,1933-1935,89,29926,15,14,18,44,66603,66691,108,91,74912,75019,
1934-04-03-61,1934-04-03,61,II,1933-1935,113,37040,18,16,19,50,66692,66804,127,114,75020,75146,
1934-04-04-62,1934-04-04,62,II,1933-1935,65,17777,13,12,9,34,66805,66869,76,66,75147,75222,
1934-04-05-63,1934-04-05,63,II,1933-1935,68,25636,17,15,16,33,66870,66937,83,69,75223,75305,
1934-04-06-64,1934-04-06,64,II,1933-1935,147,29650,23,21,17,64,66938,67084,162,147,75306,75467,
1934-04-10-65,1934-04-10,65,II,1933-1935,95,41792,19,17,26,43,67085,67179,111,96,75468,75578,
1934-04-11-66,1934-04-11,66,II,1933-1935,121,37729,20,18,20,57,67180,67300,136,124,75579,75714,
1934-04-12-67,1934-04-12,67,II,1933-1935,181,28234,27,25,29,77,67301,67481,199,181,75715,75913,
1934-04-13-68,1934-04-13,68,II,1933-1935,197,29589,31,30,30,86,67482,67678,218,199,75914,76131,
1934-04-17-69,1934-04-17,69,II,1933-1935,124,29256,21,19,26,53,67679,67802,140,124,76132,76271,
1934-04-18-70,1934-04-18,70,II,1933-1935,164,37136,26,24,34,71,67803,67966,185,167,76272,76456,
1934-04-19-71,1934-04-19,71,II,1933-1935,286,35673,31,29,30,128,67967,68252,322,290,76457,76778,
1934-04-20-72,1934-04-20,72,II,1933-1935,94,30584,22,21,24,46,68253,68346,112,94,76779,76890,
1934-04-24-73,1934-04-24,73,II,1933-1935,84,27803,12,10,18,32,68347,68430,99,84,76891,76989,
1934-04-25-74,1934-04-25,74,II,1933-1935,3,108,2,1,0,2,68431,68433,6,3,76990,76995,
1934-05-02-75,1934-05-02,75,II,1933-1935,82,37377,16,15,23,41,68434,68515,88,83,76996,77083,
1934-05-03-76,1934-05-03,76,II,1933-1935,162,38325,29,27,30,68,68516,68677,184,163,77084,77267,
1934-05-04-77,1934-05-04,77,II,1933-1935,91,37624,24,22,25,43,68678,68768,104,90,77268,77371,
1934-05-08-78,1934-05-08,78,II,1933-1935,127,40692,23,22,33,58,68769,68895,153,135,77372,77524,
1934-05-09-79,1934-05-09,79,II,1933-1935,149,40329,21,19,35,66,68896,69044,167,149,77525,77691,
1934-05-10-80,1934-05-10,80,II,1933-1935,209,43207,27,25,32,89,69045,69253,236,212,77692,77927,
1934-05-11-81,1934-05-11,81,II,1933-1935,91,34086,18,17,19,44,69254,69344,104,92,77928,78031,
1934-05-16-82,1934-05-16,82,II,1933-1935,93,47078,24,22,22,44,69345,69437,112,96,78032,78143,
1934-05-17-83,1934-05-17,83,II,1933-1935,96,31262,24,22,26,42,69438,69533,112,98,78144,78255,
1934-05-18-84,1934-05-18,84,II,1933-1935,91,40707,22,20,21,44,69534,69624,110,92,78256,78365,
1934-05-22-85,1934-05-22,85,II,1933-1935,105,45209,15,13,26,46,69625,69729,126,106,78366,78491,
1934-05-23-86,1934-05-23,86,II,1933-1935,127,45110,22,21,25,58,69730,69856,143,128,78492,78634,
1934-05-24-87,1934-05-24,87,II,1933-1935,92,29885,23,21,23,48,69857,69948,114,93,78635,78748,
1934-05-25-88,1934-05-25,88,II,1933-1935,157,40484,22,20,22,65,69949,70105,177,158,78749,78925,
1934-05-29-89,1934-05-29,89,II,1933-1935,213,35443,21,20,23,90,70106,70318,244,213,78926,79169,
1934-05-30-90,1934-05-30,90,II,1933-1935,223,60312,39,38,33,101,70319,70541,246,225,79170,79415,
1934-05-31-91,1934-05-31,91,II,1933-1935,193,50560,28,26,33,88,70542,70734,212,194,79416,79627,
1934-06-01-92,1934-06-01,92,II,1933-1935,166,40237,23,21,23,73,70735,70900,183,166,79628,79810,
1934-06-05-93,1934-06-05,93,II,1933-1935,91,41561,21,19,17,42,70901,70991,105,92,79811,79915,
1934-06-06-94,1934-06-06,94,II,1933-1935,173,43223,24,22,29,78,70992,71164,196,175,79916,80111,
1934-06-07-95,1934-06-07,95,II,1933-1935,126,37134,19,17,31,61,71165,71290,146,126,80112,80257,
1934-06-08-96,1934-06-08,96,II,1933-1935,177,37589,26,24,25,84,71291,71467,193,178,80258,80450,
1934-06-12-97,1934-06-12,97,II,1933-1935,160,33856,18,17,25,74,71468,71627,188,162,80451,80638,
1934-06-13-98,1934-06-13,98,II,1933-1935,227,52788,23,21,30,104,71628,71854,258,228,80639,80896,
1934-06-14-99,1934-06-14,99,II,1933-1935,90,45412,24,21,31,44,71855,71944,100,92,80897,80996,
1934-06-15-100,1934-06-15,100,II,1933-1935,148,39030,26,24,23,67,71945,72092,170,150,80997,81166,
1934-06-19-101,1934-06-19,101,II,1933-1935,93,41899,22,20,21,43,72093,72185,105,94,81167,81271,
1934-06-20-102,1934-06-20,102,II,1933-1935,288,46249,27,25,27,133,72186,72473,343,290,81272,81614,
1934-06-21-103,1934-06-21,103,II,1933-1935,133,49235,30,28,31,66,72474,72606,152,133,81615,81766,
1934-06-22-104,1934-06-22,104,II,1933-1935,201,30690,29,29,27,86,72607,72807,235,201,81767,82001,
1934-06-25-105,1934-06-25,105,II,1933-1935,76,41278,18,17,24,35,72808,72883,85,76,82002,82086,
1934-06-26-106,1934-06-26,106,II,1933-1935,128,56892,22,20,23,63,72884,73011,144,131,82087,82230,
1934-06-27-107,1934-06-27,107,II,1933-1935,185,57234,28,27,35,88,73012,73196,204,185,82231,82434,
1934-06-28-108,1934-06-28,108,II,1933-1935,286,58988,38,36,39,128,73197,73482,339,291,82435,82773,
1934-06-29-109,1934-06-29,109,II,1933-1935,512,75512,44,43,66,216,73483,73994,577,516,82774,83350,
1934-06-30-110,1934-06-30,110,II,1933-1935,251,42015,34,33,36,105,73995,74245,277,250,83351,83627,
1934-07-03-111,1934-07-03,111,II,1933-1935,137,47114,18,17,30,62,74246,74382,150,137,83628,83777,
1934-07-04-112,1934-07-04,112,II,1933-1935,255,51616,45,44,37,122,74383,74637,282,255,83778,84059,pistola-1934
1934-10-01-113,1934-10-01,113,II,1933-1935,22,10068,4,3,4,9,74638,74659,33,23,84060,84092,
1934-10-09-114,1934-10-09,114,II,1933-1935,45,7177,12,11,7,23,74660,74704,55,44,84093,84147,
1934-11-05-115,1934-11-05,115,II,1933-1935,82,27029,16,15,12,39,74705,74786,88,83,84148,84235,
1934-11-06-116,1934-11-06,116,II,1933-1935,86,36689,17,16,21,39,74787,74872,92,85,84236,84327,
1934-11-07-117,1934-11-07,117,II,1933-1935,77,34656,15,13,19,38,74873,74949,88,78,84328,84415,
1934-11-08-118,1934-11-08,118,II,1933-1935,73,30276,19,18,14,32,74950,75022,82,76,84416,84497,
1934-11-09-119,1934-11-09,119,II,1933-1935,115,34272,28,26,24,51,75023,75137,127,115,84498,84624,
1934-11-13-120,1934-11-13,120,II,1933-1935,280,36794,36,34,30,113,75138,75417,312,280,84625,84936,
1934-11-14-121,1934-11-14,121,II,1933-1935,227,38526,29,27,29,94,75418,75644,256,228,84937,85192,
1934-11-15-122,1934-11-15,122,II,1933-1935,251,43062,34,32,38,114,75645,75895,271,250,85193,85463,
1934-11-16-123,1934-11-16,123,II,1933-1935,184,36573,17,16,25,77,75896,76079,205,184,85464,85668,
1934-11-20-124,1934-11-20,124,II,1933-1935,98,34675,19,17,22,49,76080,76177,115,102,85669,85783,
1934-11-21-125,1934-11-21,125,II,1933-1935,102,38753,19,17,23,47,76178,76279,112,104,85784,85895,
1934-11-22-126,1934-11-22,126,II,1933-1935,69,45836,15,13,16,35,76280,76348,85,68,85896,85980,
1934-11-23-127,1934-11-23,127,II,1933-1935,178,36832,18,16,25,81,76349,76526,202,177,85981,86182,
1934-11-27-128,1934-11-27,128,II,1933-1935,85,40299,24,22,23,41,76527,76611,99,86,86183,86281,
1934-11-28-129,1934-11-28,129,II,1933-1935,268,38729,35,34,32,121,76612,76879,299,267,86282,86580,
1934-11-29-130,1934-11-29,130,II,1933-1935,129,29116,21,20,22,61,76880,77008,150,132,86581,86730,
1934-11-30-131,1934-11-30,131,II,1933-1935,172,35910,29,27,28,82,77009,77180,212,175,86731,86942,
1934-12-04-132,1934-12-04,132,II,1933-1935,77,40708,19,18,17,32,77181,77257,90,81,86943,87032,
1934-12-05-133,1934-12-05,133,II,1933-1935,105,37003,22,20,22,51,77258,77362,114,105,87033,87146,
1934-12-06-134,1934-12-06,134,II,1933-1935,62,35799,16,14,16,29,77363,77424,70,63,87147,87216,
1934-12-07-135,1934-12-07,135,II,1933-1935,54,30032,15,13,10,30,77425,77478,69,54,87217,87285,
1934-12-11-136,1934-12-11,136,II,1933-1935,143,35216,29,28,25,63,77479,77621,165,142,87286,87450,
1934-12-12-137,1934-12-12,137,II,1933-1935,91,36855,16,14,19,47,77622,77712,107,91,87451,87557,
1934-12-13-138,1934-12-13,138,II,1933-1935,144,38552,33,31,30,69,77713,77856,157,146,87558,87714,
1934-12-14-139,1934-12-14,139,II,1933-1935,216,37127,33,32,36,97,77857,78072,245,219,87715,87959,
1934-12-18-140,1934-12-18,140,II,1933-1935,248,37938,25,23,34,119,78073,78320,282,252,87960,88241,
1934-12-19-141,1934-12-19,141,II,1933-1935,192,20457,21,19,17,83,78321,78512,215,192,88242,88456,
1934-12-19-142,1934-12-19,142,II,1933-1935,188,37540,34,32,37,82,78513,78700,209,188,88457,88665,
1934-12-20-143,1934-12-20,143,II,1933-1935,122,18535,21,19,12,53,78701,78822,141,123,88666,88806,
1934-12-21-144,1934-12-21,144,II,1933-1935,311,47423,41,39,41,132,78823,79133,345,313,88807,89151,
1934-12-22-145,1934-12-22,145,II,1933-1935,100,21934,18,17,20,49,79134,79233,121,102,89152,89272,
1935-01-23-146,1935-01-23,146,II,1933-1935,67,38685,17,15,17,31,79234,79300,77,67,89273,89349,
1935-01-24-147,1935-01-24,147,II,1933-1935,185,41687,30,28,32,85,79301,79485,211,184,89350,89560,
1935-01-25-148,1935-01-25,148,II,1933-1935,279,40155,29,27,35,125,79486,79764,309,279,89561,89869,
1935-01-29-149,1935-01-29,149,II,1933-1935,210,37041,28,26,30,94,79765,79974,236,216,89870,90105,
1935-01-30-150,1935-01-30,150,II,1933-1935,126,31262,19,17,18,59,79975,80100,143,126,90106,90248,
1935-01-31-151,1935-01-31,151,II,1933-1935,229,36591,33,31,43,103,80101,80329,260,230,90249,90508,
1935-02-01-152,1935-02-01,152,II,1933-1935,179,37313,22,20,28,82,80330,80508,202,184,90509,90710,
1935-02-05-153,1935-02-05,153,II,1933-1935,198,32903,28,26,28,90,80509,80706,236,200,90711,90946,
1935-02-06-154,1935-02-06,154,II,1933-1935,225,31109,29,28,30,105,80707,80931,266,227,90947,91212,
1935-02-07-155,1935-02-07,155,II,1933-1935,210,36732,27,26,35,94,80932,81141,248,211,91213,91460,
1935-02-08-156,1935-02-08,156,II,1933-1935,200,32227,29,28,31,86,81142,81341,242,202,91461,91702,
1935-02-12-157,1935-02-12,157,II,1933-1935,275,36211,27,25,30,131,81342,81616,317,283,91703,92019,
1935-02-13-158,1935-02-13,158,II,1933-1935,215,38962,27,25,21,99,81617,81831,244,214,92020,92263,
1935-02-14-159,1935-02-14,159,II,1933-1935,125,30576,21,19,23,61,81832,81956,145,127,92264,92408,
1935-02-15-160,1935-02-15,160,II,1933-1935,168,33088,24,22,31,80,81957,82124,185,169,92409,92593,
1935-02-19-161,1935-02-19,161,II,1933-1935,204,41657,35,33,32,88,82125,82328,239,204,92594,92832,
1935-02-20-162,1935-02-20,162,II,1933-1935,174,48875,18,17,30,86,82329,82502,206,174,92833,93038,
1935-02-21-163,1935-02-21,163,II,1933-1935,356,54854,43,42,46,161,82503,82858,406,356,93039,93444,
1935-02-22-164,1935-02-22,164,II,1933-1935,114,34865,22,21,26,53,82859,82972,135,114,93445,93579,
1935-02-26-165,1935-02-26,165,II,1933-1935,300,33230,33,31,24,131,82973,83272,350,299,93580,93929,
1935-02-27-166,1935-02-27,166,II,1933-1935,375,51805,30,29,52,169,83273,83647,434,375,93930,94363,
1935-02-28-167,1935-02-28,167,II,1933-1935,309,46774,25,24,39,143,83648,83956,369,310,94364,94732,
1935-03-01-168,1935-03-01,168,II,1933-1935,303,53597,36,35,46,143,83957,84259,351,304,94733,95083,
1935-03-12-169,1935-03-12,169,II,1933-1935,429,39350,25,23,37,187,84260,84688,488,430,95084,95571,
1935-03-13-170,1935-03-13,170,II,1933-1935,246,30315,31,29,24,111,84689,84934,262,242,95572,95833,
1935-03-14-171,1935-03-14,171,II,1933-1935,144,28794,34,32,33,68,84935,85078,164,145,95834,95997,
1935-03-15-172,1935-03-15,172,II,1933-1935,197,32179,31,30,29,89,85079,85275,219,198,95998,96216,
1935-03-20-173,1935-03-20,173,II,1933-1935,94,56457,21,20,20,49,85276,85369,108,93,96217,96324,
1935-03-21-174,1935-03-21,174,II,1933-1935,76,46471,25,23,20,39,85370,85445,87,79,96325,96411,
1935-03-22-175,1935-03-22,175,II,1933-1935,209,42357,26,24,35,92,85446,85654,234,212,96412,96645,
1935-03-23-176,1935-03-23,176,II,1933-1935,168,34357,23,21,29,75,85655,85822,193,169,96646,96838,
1935-03-26-177,1935-03-26,177,II,1933-1935,208,40494,27,25,30,95,85823,86030,245,210,96839,97083,
1935-03-27-178,1935-03-27,178,II,1933-1935,381,51166,37,35,51,170,86031,86411,423,382,97084,97506,
1935-03-28-179,1935-03-28,179,II,1933-1935,286,33790,34,32,26,128,86412,86697,327,290,97507,97833,
1935-03-29-180,1935-03-29,180,II,1933-1935,3,99,2,1,0,2,86698,86700,6,3,97834,97839,
1935-05-06-181,1935-05-06,181,II,1933-1935,3,94,2,1,0,2,86701,86703,6,3,97840,97845,
1935-05-08-182,1935-05-08,182,II,1933-1935,47,30669,15,14,20,25,86704,86750,56,49,97846,97901,
1935-05-09-183,1935-05-09,183,II,1933-1935,103,33947,22,21,23,45,86751,86853,121,103,97902,98022,
1935-05-10-184,1935-05-10,184,II,1933-1935,124,34868,38,35,27,53,86854,86977,143,126,98023,98165,
1935-05-14-185,1935-05-14,185,II,1933-1935,88,34037,22,20,22,40,86978,87065,103,89,98166,98268,
1935-05-15-186,1935-05-15,186,II,1933-1935,113,34050,31,29,21,53,87066,87178,124,113,98269,98392,
1935-05-16-187,1935-05-16,187,II,1933-1935,59,22674,17,15,17,29,87179,87237,68,60,98393,98460,
1935-05-17-188,1935-05-17,188,II,1933-1935,30,29569,13,12,11,16,87238,87267,37,31,98461,98497,
1935-05-21-189,1935-05-21,189,II,1933-1935,98,32720,19,18,24,43,87268,87365,111,99,98498,98608,
1935-05-22-190,1935-05-22,190,II,1933-1935,71,33477,14,13,20,33,87366,87436,78,72,98609,98686,
1935-05-23-191,1935-05-23,191,II,1933-1935,158,29475,23,21,25,68,87437,87594,179,157,98687,98865,
1935-05-24-192,1935-05-24,192,II,1933-1935,132,33369,30,28,28,61,87595,87726,157,137,98866,99022,
1935-05-28-193,1935-05-28,193,II,1933-1935,184,33233,27,25,26,86,87727,87910,198,181,99023,99220,
1935-05-29-194,1935-05-29,194,II,1933-1935,43,37455,11,9,16,21,87911,87953,49,43,99221,99269,
1935-05-30-195,1935-05-30,195,II,1933-1935,83,35986,18,16,22,38,87954,88036,90,83,99270,99359,
1935-05-31-196,1935-05-31,196,II,1933-1935,164,27340,26,24,31,77,88037,88200,192,167,99360,99551,
1935-06-04-197,1935-06-04,197,II,1933-1935,91,29634,17,14,23,49,88201,88291,107,91,99552,99658,
1935-06-05-198,1935-06-05,198,II,1933-1935,112,31323,28,26,26,56,88292,88403,126,113,99659,99784,
1935-06-06-199,1935-06-06,199,II,1933-1935,96,26580,17,15,20,45,88404,88499,110,97,99785,99894,
1935-06-07-200,1935-06-07,200,II,1933-1935,339,60266,32,30,54,156,88500,88838,392,341,99895,100286,
1935-06-11-201,1935-06-11,201,II,1933-1935,78,48123,18,16,23,37,88839,88916,94,79,100287,100380,
1935-06-12-202,1935-06-12,202,II,1933-1935,450,58795,37,35,41,204,88917,89366,515,456,100381,100895,
1935-06-13-203,1935-06-13,203,II,1933-1935,394,51232,48,47,44,178,89367,89760,439,394,100896,101334,
1935-06-14-204,1935-06-14,204,II,1933-1935,333,37235,34,32,34,152,89761,90093,379,337,101335,101713,
1935-06-18-205,1935-06-18,205,II,1933-1935,119,36515,26,24,21,59,90094,90212,141,121,101714,101854,
1935-06-19-206,1935-06-19,206,II,1933-1935,195,38874,31,29,21,93,90213,90407,220,194,101855,102074,
1935-06-20-207,1935-06-20,207,II,1933-1935,98,18926,20,18,20,45,90408,90505,118,99,102075,102192,
1935-06-21-208,1935-06-21,208,II,1933-1935,89,24580,18,16,19,40,90506,90594,98,89,102193,102290,
1935-06-24-209,1935-06-24,209,II,1933-1935,178,36749,22,20,28,82,90595,90772,198,178,102291,102488,
1935-06-25-210,1935-06-25,210,II,1933-1935,133,27642,17,15,15,68,90773,90905,158,135,102489,102646,
1935-06-26-211,1935-06-26,211,II,1933-1935,95,46066,21,19,22,46,90906,91000,111,97,102647,102757,
1935-06-27-212,1935-06-27,212,II,1933-1935,367,50268,26,23,36,170,91001,91367,409,365,102758,103166,
1935-06-28-213,1935-06-28,213,II,1933-1935,164,32794,23,21,27,77,91368,91531,193,165,103167,103359,
1935-06-29-214,1935-06-29,214,II,1933-1935,412,48289,37,36,53,180,91532,91943,470,412,103360,103829,
1935-07-02-215,1935-07-02,215,II,1933-1935,204,35968,30,29,32,91,91944,92147,232,204,103830,104061,
1935-07-03-216,1935-07-03,216,II,1933-1935,156,29078,16,14,30,73,92148,92303,180,156,104062,104241,
1935-07-04-217,1935-07-04,217,II,1933-1935,237,39603,22,20,37,111,92304,92540,269,237,104242,104510,
1935-07-05-218,1935-07-05,218,II,1933-1935,74,32652,17,15,18,38,92541,92614,86,74,104511,104596,
1935-07-09-219,1935-07-09,219,II,1933-1935,112,35239,19,17,25,50,92615,92726,132,114,104597,104728,
1935-07-10-220,1935-07-10,220,II,1933-1935,383,46539,30,28,47,167,92727,93109,430,383,104729,105158,
1935-07-11-221,1935-07-11,221,II,1933-1935,260,41959,32,31,38,120,93110,93369,309,265,105159,105467,
1935-07-12-222,1935-07-12,222,II,1933-1935,149,40435,30,28,36,73,93370,93518,160,149,105468,105627,
1935-07-16-223,1935-07-16,223,II,1933-1935,88,36327,18,16,18,40,93519,93606,99,88,105628,105726,
1935-07-17-224,1935-07-17,224,II,1933-1935,196,43380,27,25,37,92,93607,93802,218,197,105727,105944,
1935-07-18-225,1935-07-18,225,II,1933-1935,324,40377,32,30,43,137,93803,94126,377,324,105945,106321,
1935-07-19-226,1935-07-19,226,II,1933-1935,180,23845,24,22,24,82,94127,94306,209,180,106322,106530,
1935-07-20-227,1935-07-20,227,II,1933-1935,104,28676,21,19,22,53,94307,94410,122,106,106531,106652,
1935-07-23-228,1935-07-23,228,II,1933-1935,94,52222,27,25,30,45,94411,94504,106,95,106653,106758,
1935-07-24-229,1935-07-24,229,II,1933-1935,82,35489,18,16,24,38,94505,94586,96,83,106759,106854,
1935-07-25-230,1935-07-25,230,II,1933-1935,283,39203,37,36,42,127,94587,94869,313,283,106855,107167,
1935-07-26-231,1935-07-26,231,II,1933-1935,257,48388,30,28,32,117,94870,95126,300,261,107168,107467,
1935-09-24-232,1935-09-24,232,II,1933-1935,4,4214,2,1,1,3,95127,95130,7,3,107468,107474,
1935-10-01-233,1935-10-01,233,II,1933-1935,57,33544,13,12,13,28,95131,95187,63,59,107475,107537,
1935-10-02-234,1935-10-02,234,II,1933-1935,55,26301,14,13,14,24,95188,95242,59,55,107538,107596,
1935-10-03-235,1935-10-03,235,II,1933-1935,40,34544,15,13,15,20,95243,95282,46,40,107597,107642,
1935-10-04-236,1935-10-04,236,II,1933-1935,163,40930,27,25,24,71,95283,95445,192,165,107643,107834,
1935-10-08-237,1935-10-08,237,II,1933-1935,67,32781,18,16,15,35,95446,95512,81,68,107835,107915,
1935-10-08-238,1935-10-08,238,II,1933-1935,79,28102,22,20,16,39,95513,95591,87,79,107916,108002,
1935-10-09-239,1935-10-09,239,II,1933-1935,108,35315,23,21,23,52,95592,95699,119,110,108003,108121,
1935-10-10-240,1935-10-10,240,II,1933-1935,71,37217,21,19,25,34,95700,95770,79,71,108122,108200,
1935-10-11-241,1935-10-11,241,II,1933-1935,207,32983,26,24,24,86,95771,95977,234,208,108201,108434,
1935-10-15-242,1935-10-15,242,II,1933-1935,118,31852,23,21,20,46,95978,96095,131,120,108435,108565,
1935-10-16-243,1935-10-16,243,II,1933-1935,217,25634,22,19,26,97,96096,96312,253,221,108566,108818,
1935-10-17-244,1935-10-17,244,II,1933-1935,68,27126,19,17,17,31,96313,96380,84,71,108819,108902,
1935-10-18-245,1935-10-18,245,II,1933-1935,215,31838,27,25,26,95,96381,96595,249,217,108903,109151,
1935-10-22-246,1935-10-22,246,II,1933-1935,115,27329,18,17,28,54,96596,96710,125,114,109152,109276,
1935-10-23-247,1935-10-23,247,II,1933-1935,241,34804,30,28,33,107,96711,96951,261,239,109277,109537,
1935-10-24-248,1935-10-24,248,II,1933-1935,190,36055,31,29,31,88,96952,97141,214,192,109538,109751,
1935-10-25-249,1935-10-25,249,II,1933-1935,244,30700,32,30,32,103,97142,97385,286,246,109752,110037,
1935-10-28-250,1935-10-28,250,II,1933-1935,161,33130,29,27,23,74,97386,97546,173,162,110038,110210,
1935-10-29-251,1935-10-29,251,II,1933-1935,3,111,2,1,0,2,97547,97549,6,3,110211,110216,
1935-10-30-252,1935-10-30,252,II,1933-1935,92,34989,17,15,21,45,97550,97641,101,94,110217,110317,
1935-10-31-253,1935-10-31,253,II,1933-1935,202,28315,24,22,23,88,97642,97843,221,202,110318,110538,
1935-11-05-254,1935-11-05,254,II,1933-1935,124,39196,21,19,27,55,97844,97967,138,125,110539,110676,
1935-11-06-255,1935-11-06,255,II,1933-1935,262,33163,32,30,35,119,97968,98229,301,264,110677,110977,
1935-11-07-256,1935-11-07,256,II,1933-1935,96,36434,12,10,24,45,98230,98325,107,97,110978,111084,
1935-11-08-257,1935-11-08,257,II,1933-1935,68,38743,14,12,16,33,98326,98393,77,71,111085,111161,
1935-11-12-258,1935-11-12,258,II,1933-1935,231,45993,30,28,23,104,98394,98624,254,233,111162,111415,
1935-11-13-259,1935-11-13,259,II,1933-1935,120,35510,30,29,23,61,98625,98744,135,122,111416,111550,
1935-11-13-260,1935-11-13,260,II,1933-1935,93,37859,16,14,22,44,98745,98837,100,94,111551,111650,
1935-11-14-261,1935-11-14,261,II,1933-1935,269,51447,32,29,22,124,98838,99106,307,270,111651,111957,
1935-11-15-262,1935-11-15,262,II,1933-1935,175,31472,28,26,18,77,99107,99281,204,175,111958,112161,
1935-11-19-263,1935-11-19,263,II,1933-1935,202,34594,25,23,26,83,99282,99483,231,202,112162,112392,
1935-11-20-264,1935-11-20,264,II,1933-1935,216,38522,24,22,31,97,99484,99699,244,216,112393,112636,
1935-11-21-265,1935-11-21,265,II,1933-1935,151,33999,25,23,21,70,99700,99850,181,150,112637,112817,
1935-11-22-266,1935-11-22,266,II,1933-1935,94,37652,18,16,20,42,99851,99944,100,93,112818,112917,
1935-11-26-267,1935-11-26,267,II,1933-1935,172,36146,27,25,31,81,99945,100116,199,176,112918,113116,
1935-11-27-268,1935-11-27,268,II,1933-1935,257,33482,30,27,35,110,100117,100373,291,256,113117,113407,
1935-11-28-269,1935-11-28,269,II,1933-1935,163,31407,18,16,26,79,100374,100536,179,166,113408,113586,
1935-11-29-270,1935-11-29,270,II,1933-1935,142,43740,25,22,25,62,100537,100678,158,143,113587,113744,
1935-12-03-271,1935-12-03,271,II,1933-1935,179,29555,30,28,23,80,100679,100857,196,178,113745,113940,
1935-12-04-272,1935-12-04,272,II,1933-1935,178,38634,18,16,26,80,100858,101035,199,181,113941,114139,
1935-12-05-273,1935-12-05,273,II,1933-1935,137,35255,24,22,24,65,101036,101172,153,140,114140,114292,
1935-12-06-274,1935-12-06,274,II,1933-1935,266,37213,40,38,23,120,101173,101438,294,269,114293,114586,
1935-12-07-275,1935-12-07,275,II,1933-1935,256,89870,39,37,46,123,101439,101694,282,260,114587,114868,
1935-12-10-276,1935-12-10,276,II,1933-1935,3,108,2,1,0,2,101695,101697,5,2,114869,114873,
1936-03-16-1,1936-03-16,1,III,1936-1939,8,921,2,0,1,8,101698,101705,16,8,114874,114889,
1936-03-17-2,1936-03-17,2,III,1936-1939,21,2746,4,3,3,11,101706,101726,29,22,114890,114918,
1936-03-18-3,1936-03-18,3,III,1936-1939,44,3118,9,8,1,23,101727,101770,54,43,114919,114972,
1936-03-19-4,1936-03-19,4,III,1936-1939,6,821,2,1,1,4,101771,101776,10,6,114973,114982,
1936-03-20-5,1936-03-20,5,III,1936-1939,45,7401,11,10,8,23,101777,101821,56,46,114983,115038,
1936-03-24-6,1936-03-24,6,III,1936-1939,45,13462,8,7,9,20,101822,101866,52,46,115039,115090,
1936-03-25-7,1936-03-25,7,III,1936-1939,9,743,3,2,1,6,101867,101875,14,9,115091,115104,
1936-03-26-8,1936-03-26,8,III,1936-1939,18,2804,5,4,3,9,101876,101893,25,18,115105,115129,
1936-03-27-9,1936-03-27,9,III,1936-1939,17,2269,4,3,3,8,101894,101910,23,17,115130,115152,
1936-03-30-10,1936-03-30,10,III,1936-1939,1,28,1,0,0,1,101911,101911,3,1,115153,115155,
1936-03-31-11,1936-03-31,11,III,1936-1939,83,27567,21,20,23,38,101912,101994,92,84,115156,115247,
1936-04-01-12,1936-04-01,12,III,1936-1939,73,24822,13,11,13,36,101995,102067,89,73,115248,115336,
1936-04-02-13,1936-04-02,13,III,1936-1939,167,51707,26,23,27,77,102068,102234,190,168,115337,115526,
1936-04-03-14,1936-04-03,14,III,1936-1939,54,20724,12,9,13,29,102235,102288,71,54,115527,115597,
1936-04-07-15,1936-04-07,15,III,1936-1939,86,30743,16,15,18,45,102289,102374,103,85,115598,115700,
1936-04-08-16,1936-04-08,16,III,1936-1939,18,1650,5,4,1,11,102375,102392,26,18,115701,115726,
1936-04-15-17,1936-04-15,17,III,1936-1939,129,51246,37,35,27,62,102393,102521,144,130,115727,115870,
1936-04-16-18,1936-04-16,18,III,1936-1939,44,29545,13,11,14,24,102522,102565,54,45,115871,115924,
1936-04-17-19,1936-04-17,19,III,1936-1939,46,4161,8,7,4,22,102566,102611,58,46,115925,115982,
1936-04-18-20,1936-04-18,20,III,1936-1939,238,50241,31,29,37,99,102612,102849,274,239,115983,116256,
1936-04-28-21,1936-04-28,21,III,1936-1939,154,30299,15,13,32,61,102850,103003,168,154,116257,116424,
1936-04-29-22,1936-04-29,22,III,1936-1939,33,31207,11,9,15,16,103004,103036,36,33,116425,116460,
1936-04-30-23,1936-04-30,23,III,1936-1939,56,30858,18,16,19,26,103037,103092,62,57,116461,116522,
1936-05-05-24,1936-05-05,24,III,1936-1939,77,33326,17,15,16,32,103093,103169,89,77,116523,116611,
1936-05-06-25,1936-05-06,25,III,1936-1939,90,33687,18,16,17,43,103170,103259,98,93,116612,116709,
1936-05-07-26,1936-05-07,26,III,1936-1939,23,15258,8,6,7,12,103260,103282,29,23,116710,116738,
1936-05-08-27,1936-05-08,27,III,1936-1939,98,23232,26,24,24,42,103283,103380,121,98,116739,116859,
1936-05-12-28,1936-05-12,28,III,1936-1939,3,101,2,1,0,2,103381,103383,5,3,116860,116864,
1936-05-19-29,1936-05-19,29,III,1936-1939,54,29861,16,14,18,27,103384,103437,60,54,116865,116924,
1936-05-20-30,1936-05-20,30,III,1936-1939,103,43124,28,26,31,46,103438,103540,123,104,116925,117047,
1936-05-21-31,1936-05-21,31,III,1936-1939,116,35364,20,18,27,54,103541,103656,137,115,117048,117184,
1936-05-22-32,1936-05-22,32,III,1936-1939,92,29044,17,15,20,41,103657,103748,106,92,117185,117290,
1936-05-26-33,1936-05-26,33,III,1936-1939,153,24866,15,13,26,69,103749,103901,182,153,117291,117472,
1936-05-27-34,1936-05-27,34,III,1936-1939,182,50109,25,23,39,82,103902,104083,209,182,117473,117681,
1936-05-28-35,1936-05-28,35,III,1936-1939,80,24122,14,12,16,38,104084,104163,95,80,117682,117776,
1936-05-29-36,1936-05-29,36,III,1936-1939,74,36975,11,9,16,33,104164,104237,84,74,117777,117860,
1936-06-02-37,1936-06-02,37,III,1936-1939,112,36722,17,16,26,49,104238,104349,129,113,117861,117989,
1936-06-03-38,1936-06-03,38,III,1936-1939,153,46381,31,29,31,71,104350,104502,173,156,117990,118162,
1936-06-04-39,1936-06-04,39,III,1936-1939,126,43805,25,23,34,55,104503,104628,140,126,118163,118302,
1936-06-05-40,1936-06-05,40,III,1936-1939,129,22495,22,20,21,58,104629,104757,149,129,118303,118451,
1936-06-09-41,1936-06-09,41,III,1936-1939,83,30244,19,17,19,36,104758,104840,99,83,118452,118550,
1936-06-10-42,1936-06-10,42,III,1936-1939,158,45995,27,25,34,68,104841,104998,179,157,118551,118729,
1936-06-11-43,1936-06-11,43,III,1936-1939,121,25433,17,15,23,49,104999,105119,142,122,118730,118871,
1936-06-12-44,1936-06-12,44,III,1936-1939,104,31332,19,17,26,46,105120,105223,119,106,118872,118990,
1936-06-16-45,1936-06-16,45,III,1936-1939,159,48458,23,21,27,73,105224,105382,172,159,118991,119162,antesala-1936
1936-06-17-46,1936-06-17,46,III,1936-1939,106,32427,23,21,26,47,105383,105488,125,108,119163,119287,
1936-06-18-47,1936-06-18,47,III,1936-1939,179,29820,28,26,25,80,105489,105667,202,179,119288,119489,
1936-06-19-48,1936-06-19,48,III,1936-1939,66,34532,13,11,17,32,105668,105733,77,67,119490,119566,
1936-06-23-49,1936-06-23,49,III,1936-1939,106,33086,24,22,27,47,105734,105839,126,110,119567,119692,
1936-06-24-50,1936-06-24,50,III,1936-1939,78,32324,24,22,16,37,105840,105917,94,78,119693,119786,
1936-06-25-51,1936-06-25,51,III,1936-1939,79,26432,12,11,19,36,105918,105996,90,79,119787,119876,
1936-06-26-52,1936-06-26,52,III,1936-1939,89,35021,20,18,20,44,105997,106085,104,88,119877,119980,
1936-06-30-53,1936-06-30,53,III,1936-1939,113,31147,18,16,22,57,106086,106198,141,116,119981,120121,
1936-07-01-54,1936-07-01,54,III,1936-1939,125,97055,28,25,42,64,106199,106323,137,125,120122,120258,antesala-1936
1936-07-02-55,1936-07-02,55,III,1936-1939,95,30149,20,18,18,40,106324,106418,111,95,120259,120369,
1936-07-03-56,1936-07-03,56,III,1936-1939,151,33350,21,19,25,69,106419,106569,174,152,120370,120543,
1936-07-07-57,1936-07-07,57,III,1936-1939,91,32654,16,14,22,36,106570,106660,107,92,120544,120650,
1936-07-08-58,1936-07-08,58,III,1936-1939,175,49021,34,32,41,73,106661,106835,200,176,120651,120850,
1936-07-09-59,1936-07-09,59,III,1936-1939,94,36106,14,12,21,42,106836,106929,110,95,120851,120960,
1936-07-10-60,1936-07-10,60,III,1936-1939,136,28178,28,26,28,60,106930,107065,149,136,120961,121109,
1936-10-01-61,1936-10-01,61,IV,1936-1939,29,6716,13,12,10,16,107066,107094,36,29,121110,121145,
1936-12-01-62,1936-12-01,62,IV,1936-1939,27,14645,11,10,10,15,107095,107121,33,27,121146,121178,
1937-02-01-63,1937-02-01,63,IV,1936-1939,17,4294,6,5,3,11,107122,107138,25,17,121179,121203,
1937-10-01-64,1937-10-01,64,IV,1936-1939,25,16962,6,4,8,15,107139,107163,38,27,121204,121241,
1937-10-02-65,1937-10-02,65,IV,1936-1939,55,17497,17,16,13,29,107164,107218,66,56,121242,121307,
1938-02-01-66,1938-02-01,66,IV,1936-1939,36,19302,11,10,12,19,107219,107254,47,37,121308,121354,
1938-09-30-67,1938-09-30,67,IV,1936-1939,55,35873,15,13,18,28,107255,107309,66,55,121355,121420,
1938-10-01-68,1938-10-01,68,IV,1936-1939,16,1968,6,5,2,9,107310,107325,25,16,121421,121445,
1939-02-01-69,1939-02-01,69,IV,1936-1939,16,10452,8,7,6,9,107326,107341,20,16,121446,121465,figueres-1939
1945-01-10-70,1945-01-10,70,V,1936-1939,27,8027,9,8,7,15,107342,107368,29,27,121466,121494,
1945-08-17-71,1945-08-17,71,V,1936-1939,5,1473,1,0,2,5,107369,107373,10,5,121495,121504,mexico-1945
1945-11-07-72,1945-11-07,72,V,1936-1939,56,29413,15,14,14,27,107374,107429,63,56,121505,121567,mexico-1945
1945-11-08-73,1945-11-08,73,V,1936-1939,27,15307,6,5,6,14,107430,107456,33,28,121568,121600,mexico-1945
1945-11-09-74,1945-11-09,74,V,1936-1939,95,21238,17,16,24,46,107457,107551,100,95,121601,121700,mexico-1945
